trip_id,event_time,lambda_received_time,delay_seconds,source_file
cab_771740,2025-03-31 03:33:24,2025-03-31 03:33:41,17.0,taxi_streaming_raw_data-7-2025-03-31-03-33-26-64345b74-5ae7-3d8c-bb45-dceb7b8b192c.parquet
cab_545039,2025-03-31 03:33:26,2025-03-31 03:33:41,15.0,taxi_streaming_raw_data-7-2025-03-31-03-33-26-64345b74-5ae7-3d8c-bb45-dceb7b8b192c.parquet
cab_592714,2025-03-31 03:33:27,2025-03-31 03:33:41,14.0,taxi_streaming_raw_data-7-2025-03-31-03-33-26-64345b74-5ae7-3d8c-bb45-dceb7b8b192c.parquet
cab_164812,2025-03-31 03:33:28,2025-03-31 03:33:41,13.0,taxi_streaming_raw_data-7-2025-03-31-03-33-26-64345b74-5ae7-3d8c-bb45-dceb7b8b192c.parquet
cab_266668,2025-03-31 03:33:29,2025-03-31 03:33:41,12.0,taxi_streaming_raw_data-7-2025-03-31-03-33-26-64345b74-5ae7-3d8c-bb45-dceb7b8b192c.parquet
cab_339116,2025-03-31 03:33:31,2025-03-31 03:33:41,10.0,taxi_streaming_raw_data-7-2025-03-31-03-33-26-64345b74-5ae7-3d8c-bb45-dceb7b8b192c.parquet
cab_199187,2025-03-31 03:33:32,2025-03-31 03:33:41,9.0,taxi_streaming_raw_data-7-2025-03-31-03-33-26-64345b74-5ae7-3d8c-bb45-dceb7b8b192c.parquet
cab_460491,2025-03-31 03:33:33,2025-03-31 03:33:41,8.0,taxi_streaming_raw_data-7-2025-03-31-03-33-26-64345b74-5ae7-3d8c-bb45-dceb7b8b192c.parquet
cab_101241,2025-03-31 03:33:34,2025-03-31 03:33:41,7.0,taxi_streaming_raw_data-7-2025-03-31-03-33-26-64345b74-5ae7-3d8c-bb45-dceb7b8b192c.parquet
cab_389571,2025-03-31 03:33:35,2025-03-31 03:33:41,6.0,taxi_streaming_raw_data-7-2025-03-31-03-33-26-64345b74-5ae7-3d8c-bb45-dceb7b8b192c.parquet
cab_462705,2025-03-31 03:33:37,2025-03-31 03:33:41,4.0,taxi_streaming_raw_data-7-2025-03-31-03-33-26-64345b74-5ae7-3d8c-bb45-dceb7b8b192c.parquet
cab_818346,2025-03-31 03:33:38,2025-03-31 03:33:41,3.0,taxi_streaming_raw_data-7-2025-03-31-03-33-26-64345b74-5ae7-3d8c-bb45-dceb7b8b192c.parquet
cab_386306,2025-03-31 03:33:39,2025-03-31 03:33:55,16.0,taxi_streaming_raw_data-7-2025-03-31-03-33-26-64345b74-5ae7-3d8c-bb45-dceb7b8b192c.parquet
cab_397310,2025-03-31 03:33:40,2025-03-31 03:33:55,15.0,taxi_streaming_raw_data-7-2025-03-31-03-33-26-64345b74-5ae7-3d8c-bb45-dceb7b8b192c.parquet
cab_283689,2025-03-31 03:33:41,2025-03-31 03:33:55,14.0,taxi_streaming_raw_data-7-2025-03-31-03-33-26-64345b74-5ae7-3d8c-bb45-dceb7b8b192c.parquet
cab_527700,2025-03-31 03:33:43,2025-03-31 03:33:55,12.0,taxi_streaming_raw_data-7-2025-03-31-03-33-26-64345b74-5ae7-3d8c-bb45-dceb7b8b192c.parquet
cab_126761,2025-03-31 03:33:44,2025-03-31 03:33:55,11.0,taxi_streaming_raw_data-7-2025-03-31-03-33-26-64345b74-5ae7-3d8c-bb45-dceb7b8b192c.parquet
cab_463219,2025-03-31 03:33:45,2025-03-31 03:33:55,10.0,taxi_streaming_raw_data-7-2025-03-31-03-33-26-64345b74-5ae7-3d8c-bb45-dceb7b8b192c.parquet
cab_149779,2025-03-31 03:33:46,2025-03-31 03:33:55,9.0,taxi_streaming_raw_data-7-2025-03-31-03-33-26-64345b74-5ae7-3d8c-bb45-dceb7b8b192c.parquet
cab_546299,2025-03-31 03:33:47,2025-03-31 03:33:55,8.0,taxi_streaming_raw_data-7-2025-03-31-03-33-26-64345b74-5ae7-3d8c-bb45-dceb7b8b192c.parquet
cab_648669,2025-03-31 03:33:49,2025-03-31 03:33:55,6.0,taxi_streaming_raw_data-7-2025-03-31-03-33-26-64345b74-5ae7-3d8c-bb45-dceb7b8b192c.parquet
cab_429097,2025-03-31 03:33:50,2025-03-31 03:33:55,5.0,taxi_streaming_raw_data-7-2025-03-31-03-33-26-64345b74-5ae7-3d8c-bb45-dceb7b8b192c.parquet
cab_994601,2025-03-31 03:33:51,2025-03-31 03:33:55,4.0,taxi_streaming_raw_data-7-2025-03-31-03-33-26-64345b74-5ae7-3d8c-bb45-dceb7b8b192c.parquet
cab_227096,2025-03-31 03:33:52,2025-03-31 03:33:55,3.0,taxi_streaming_raw_data-7-2025-03-31-03-33-26-64345b74-5ae7-3d8c-bb45-dceb7b8b192c.parquet
cab_548017,2025-03-31 03:33:53,2025-03-31 03:33:55,2.0,taxi_streaming_raw_data-7-2025-03-31-03-33-26-64345b74-5ae7-3d8c-bb45-dceb7b8b192c.parquet
cab_450321,2025-03-31 03:33:54,2025-03-31 03:34:11,17.0,taxi_streaming_raw_data-7-2025-03-31-03-33-26-64345b74-5ae7-3d8c-bb45-dceb7b8b192c.parquet
cab_555921,2025-03-31 03:33:56,2025-03-31 03:34:11,15.0,taxi_streaming_raw_data-7-2025-03-31-03-33-26-64345b74-5ae7-3d8c-bb45-dceb7b8b192c.parquet
cab_356489,2025-03-31 03:33:57,2025-03-31 03:34:11,14.0,taxi_streaming_raw_data-7-2025-03-31-03-33-26-64345b74-5ae7-3d8c-bb45-dceb7b8b192c.parquet
cab_417814,2025-03-31 03:33:58,2025-03-31 03:34:11,13.0,taxi_streaming_raw_data-7-2025-03-31-03-33-26-64345b74-5ae7-3d8c-bb45-dceb7b8b192c.parquet
cab_687196,2025-03-31 03:33:59,2025-03-31 03:34:11,12.0,taxi_streaming_raw_data-7-2025-03-31-03-33-26-64345b74-5ae7-3d8c-bb45-dceb7b8b192c.parquet
cab_681321,2025-03-31 03:34:01,2025-03-31 03:34:11,10.0,taxi_streaming_raw_data-7-2025-03-31-03-33-26-64345b74-5ae7-3d8c-bb45-dceb7b8b192c.parquet
cab_995411,2025-03-31 03:34:02,2025-03-31 03:34:11,9.0,taxi_streaming_raw_data-7-2025-03-31-03-33-26-64345b74-5ae7-3d8c-bb45-dceb7b8b192c.parquet
cab_415906,2025-03-31 03:34:03,2025-03-31 03:34:11,8.0,taxi_streaming_raw_data-7-2025-03-31-03-33-26-64345b74-5ae7-3d8c-bb45-dceb7b8b192c.parquet
cab_321765,2025-03-31 03:34:04,2025-03-31 03:34:11,7.0,taxi_streaming_raw_data-7-2025-03-31-03-33-26-64345b74-5ae7-3d8c-bb45-dceb7b8b192c.parquet
cab_393719,2025-03-31 03:34:06,2025-03-31 03:34:11,5.0,taxi_streaming_raw_data-7-2025-03-31-03-33-26-64345b74-5ae7-3d8c-bb45-dceb7b8b192c.parquet
cab_284074,2025-03-31 03:34:07,2025-03-31 03:34:11,4.0,taxi_streaming_raw_data-7-2025-03-31-03-33-26-64345b74-5ae7-3d8c-bb45-dceb7b8b192c.parquet
cab_311859,2025-03-31 03:34:08,2025-03-31 03:34:11,3.0,taxi_streaming_raw_data-7-2025-03-31-03-33-26-64345b74-5ae7-3d8c-bb45-dceb7b8b192c.parquet
cab_492158,2025-03-31 03:34:09,2025-03-31 03:34:25,16.0,taxi_streaming_raw_data-7-2025-03-31-03-33-26-64345b74-5ae7-3d8c-bb45-dceb7b8b192c.parquet
cab_159707,2025-03-31 03:34:10,2025-03-31 03:34:25,15.0,taxi_streaming_raw_data-7-2025-03-31-03-33-26-64345b74-5ae7-3d8c-bb45-dceb7b8b192c.parquet
cab_208156,2025-03-31 03:34:12,2025-03-31 03:34:25,13.0,taxi_streaming_raw_data-7-2025-03-31-03-33-26-64345b74-5ae7-3d8c-bb45-dceb7b8b192c.parquet
cab_483522,2025-03-31 03:34:13,2025-03-31 03:34:25,12.0,taxi_streaming_raw_data-7-2025-03-31-03-33-26-64345b74-5ae7-3d8c-bb45-dceb7b8b192c.parquet
cab_752066,2025-03-31 03:34:14,2025-03-31 03:34:25,11.0,taxi_streaming_raw_data-7-2025-03-31-03-33-26-64345b74-5ae7-3d8c-bb45-dceb7b8b192c.parquet
cab_121552,2025-03-31 03:34:15,2025-03-31 03:34:25,10.0,taxi_streaming_raw_data-7-2025-03-31-03-33-26-64345b74-5ae7-3d8c-bb45-dceb7b8b192c.parquet
cab_229121,2025-03-31 03:34:16,2025-03-31 03:34:25,9.0,taxi_streaming_raw_data-7-2025-03-31-03-33-26-64345b74-5ae7-3d8c-bb45-dceb7b8b192c.parquet
cab_343015,2025-03-31 03:34:18,2025-03-31 03:34:25,7.0,taxi_streaming_raw_data-7-2025-03-31-03-33-26-64345b74-5ae7-3d8c-bb45-dceb7b8b192c.parquet
cab_806740,2025-03-31 03:34:19,2025-03-31 03:34:25,6.0,taxi_streaming_raw_data-7-2025-03-31-03-33-26-64345b74-5ae7-3d8c-bb45-dceb7b8b192c.parquet
cab_246041,2025-03-31 03:34:24,2025-03-31 03:34:40,16.0,taxi_streaming_raw_data-7-2025-03-31-03-33-26-64345b74-5ae7-3d8c-bb45-dceb7b8b192c.parquet
cab_392894,2025-03-31 03:34:26,2025-03-31 03:34:40,14.0,taxi_streaming_raw_data-7-2025-03-31-03-33-26-64345b74-5ae7-3d8c-bb45-dceb7b8b192c.parquet
cab_207696,2025-03-31 03:34:27,2025-03-31 03:34:40,13.0,taxi_streaming_raw_data-7-2025-03-31-03-33-26-64345b74-5ae7-3d8c-bb45-dceb7b8b192c.parquet
cab_328206,2025-03-31 03:34:28,2025-03-31 03:34:40,12.0,taxi_streaming_raw_data-7-2025-03-31-03-33-26-64345b74-5ae7-3d8c-bb45-dceb7b8b192c.parquet
cab_778105,2025-03-31 03:34:29,2025-03-31 03:34:40,11.0,taxi_streaming_raw_data-7-2025-03-31-03-33-26-64345b74-5ae7-3d8c-bb45-dceb7b8b192c.parquet
cab_669547,2025-03-31 03:34:30,2025-03-31 03:34:40,10.0,taxi_streaming_raw_data-7-2025-03-31-03-33-26-64345b74-5ae7-3d8c-bb45-dceb7b8b192c.parquet
cab_747502,2025-03-31 03:34:32,2025-03-31 03:34:40,8.0,taxi_streaming_raw_data-7-2025-03-31-03-33-26-64345b74-5ae7-3d8c-bb45-dceb7b8b192c.parquet
cab_398510,2025-03-31 03:34:33,2025-03-31 03:34:40,7.0,taxi_streaming_raw_data-7-2025-03-31-03-33-26-64345b74-5ae7-3d8c-bb45-dceb7b8b192c.parquet
cab_559514,2025-03-31 03:34:34,2025-03-31 03:34:40,6.0,taxi_streaming_raw_data-7-2025-03-31-03-33-26-64345b74-5ae7-3d8c-bb45-dceb7b8b192c.parquet
cab_210950,2025-03-31 03:34:35,2025-03-31 03:34:40,5.0,taxi_streaming_raw_data-7-2025-03-31-03-33-26-64345b74-5ae7-3d8c-bb45-dceb7b8b192c.parquet
cab_490876,2025-03-31 03:34:36,2025-03-31 03:34:40,4.0,taxi_streaming_raw_data-7-2025-03-31-03-33-26-64345b74-5ae7-3d8c-bb45-dceb7b8b192c.parquet
cab_393263,2025-03-31 03:34:37,2025-03-31 03:34:40,3.0,taxi_streaming_raw_data-7-2025-03-31-03-33-26-64345b74-5ae7-3d8c-bb45-dceb7b8b192c.parquet
cab_546268,2025-03-31 03:34:39,2025-03-31 03:34:55,16.0,taxi_streaming_raw_data-7-2025-03-31-03-33-26-64345b74-5ae7-3d8c-bb45-dceb7b8b192c.parquet
cab_977160,2025-03-31 03:34:40,2025-03-31 03:34:55,15.0,taxi_streaming_raw_data-7-2025-03-31-03-33-26-64345b74-5ae7-3d8c-bb45-dceb7b8b192c.parquet
cab_733319,2025-03-31 03:34:41,2025-03-31 03:34:55,14.0,taxi_streaming_raw_data-7-2025-03-31-03-33-26-64345b74-5ae7-3d8c-bb45-dceb7b8b192c.parquet
cab_761432,2025-03-31 03:34:42,2025-03-31 03:34:55,13.0,taxi_streaming_raw_data-7-2025-03-31-03-33-26-64345b74-5ae7-3d8c-bb45-dceb7b8b192c.parquet
cab_401026,2025-03-31 03:34:43,2025-03-31 03:34:55,12.0,taxi_streaming_raw_data-7-2025-03-31-03-33-26-64345b74-5ae7-3d8c-bb45-dceb7b8b192c.parquet
cab_749236,2025-03-31 03:34:45,2025-03-31 03:34:55,10.0,taxi_streaming_raw_data-7-2025-03-31-03-33-26-64345b74-5ae7-3d8c-bb45-dceb7b8b192c.parquet
cab_392232,2025-03-31 03:34:46,2025-03-31 03:34:55,9.0,taxi_streaming_raw_data-7-2025-03-31-03-33-26-64345b74-5ae7-3d8c-bb45-dceb7b8b192c.parquet
cab_989091,2025-03-31 03:34:47,2025-03-31 03:34:55,8.0,taxi_streaming_raw_data-7-2025-03-31-03-33-26-64345b74-5ae7-3d8c-bb45-dceb7b8b192c.parquet
cab_708109,2025-03-31 03:34:48,2025-03-31 03:34:55,7.0,taxi_streaming_raw_data-7-2025-03-31-03-33-26-64345b74-5ae7-3d8c-bb45-dceb7b8b192c.parquet
cab_149061,2025-03-31 03:34:49,2025-03-31 03:34:55,6.0,taxi_streaming_raw_data-7-2025-03-31-03-33-26-64345b74-5ae7-3d8c-bb45-dceb7b8b192c.parquet
cab_439834,2025-03-31 03:34:51,2025-03-31 03:34:55,4.0,taxi_streaming_raw_data-7-2025-03-31-03-33-26-64345b74-5ae7-3d8c-bb45-dceb7b8b192c.parquet
cab_168088,2025-03-31 03:34:52,2025-03-31 03:34:55,3.0,taxi_streaming_raw_data-7-2025-03-31-03-33-26-64345b74-5ae7-3d8c-bb45-dceb7b8b192c.parquet
cab_759029,2025-03-31 03:34:53,2025-03-31 03:35:09,16.0,taxi_streaming_raw_data-7-2025-03-31-03-33-26-64345b74-5ae7-3d8c-bb45-dceb7b8b192c.parquet
cab_104815,2025-03-31 03:34:54,2025-03-31 03:35:09,15.0,taxi_streaming_raw_data-7-2025-03-31-03-33-26-64345b74-5ae7-3d8c-bb45-dceb7b8b192c.parquet
cab_687475,2025-03-31 03:34:55,2025-03-31 03:35:09,14.0,taxi_streaming_raw_data-7-2025-03-31-03-33-26-64345b74-5ae7-3d8c-bb45-dceb7b8b192c.parquet
cab_785390,2025-03-31 03:34:57,2025-03-31 03:35:09,12.0,taxi_streaming_raw_data-7-2025-03-31-03-33-26-64345b74-5ae7-3d8c-bb45-dceb7b8b192c.parquet
cab_180678,2025-03-31 03:34:58,2025-03-31 03:35:09,11.0,taxi_streaming_raw_data-7-2025-03-31-03-33-26-64345b74-5ae7-3d8c-bb45-dceb7b8b192c.parquet
cab_629863,2025-03-31 03:34:59,2025-03-31 03:35:09,10.0,taxi_streaming_raw_data-7-2025-03-31-03-33-26-64345b74-5ae7-3d8c-bb45-dceb7b8b192c.parquet
cab_509650,2025-03-31 03:35:00,2025-03-31 03:35:09,9.0,taxi_streaming_raw_data-7-2025-03-31-03-33-26-64345b74-5ae7-3d8c-bb45-dceb7b8b192c.parquet
cab_875367,2025-03-31 03:35:01,2025-03-31 03:35:09,8.0,taxi_streaming_raw_data-7-2025-03-31-03-33-26-64345b74-5ae7-3d8c-bb45-dceb7b8b192c.parquet
cab_512299,2025-03-31 03:35:02,2025-03-31 03:35:09,7.0,taxi_streaming_raw_data-7-2025-03-31-03-33-26-64345b74-5ae7-3d8c-bb45-dceb7b8b192c.parquet
cab_233525,2025-03-31 03:35:04,2025-03-31 03:35:09,5.0,taxi_streaming_raw_data-7-2025-03-31-03-33-26-64345b74-5ae7-3d8c-bb45-dceb7b8b192c.parquet
cab_106453,2025-03-31 03:35:05,2025-03-31 03:35:09,4.0,taxi_streaming_raw_data-7-2025-03-31-03-33-26-64345b74-5ae7-3d8c-bb45-dceb7b8b192c.parquet
cab_875874,2025-03-31 03:35:06,2025-03-31 03:35:09,3.0,taxi_streaming_raw_data-7-2025-03-31-03-33-26-64345b74-5ae7-3d8c-bb45-dceb7b8b192c.parquet
cab_742890,2025-03-31 03:35:07,2025-03-31 03:35:09,2.0,taxi_streaming_raw_data-7-2025-03-31-03-33-26-64345b74-5ae7-3d8c-bb45-dceb7b8b192c.parquet
cab_630250,2025-03-31 03:35:08,2025-03-31 03:35:24,16.0,taxi_streaming_raw_data-7-2025-03-31-03-33-26-64345b74-5ae7-3d8c-bb45-dceb7b8b192c.parquet
cab_411471,2025-03-31 03:35:10,2025-03-31 03:35:24,14.0,taxi_streaming_raw_data-7-2025-03-31-03-33-26-64345b74-5ae7-3d8c-bb45-dceb7b8b192c.parquet
cab_583304,2025-03-31 03:35:11,2025-03-31 03:35:24,13.0,taxi_streaming_raw_data-7-2025-03-31-03-33-26-64345b74-5ae7-3d8c-bb45-dceb7b8b192c.parquet
cab_275907,2025-03-31 03:35:12,2025-03-31 03:35:24,12.0,taxi_streaming_raw_data-7-2025-03-31-03-33-26-64345b74-5ae7-3d8c-bb45-dceb7b8b192c.parquet
cab_982570,2025-03-31 03:35:13,2025-03-31 03:35:24,11.0,taxi_streaming_raw_data-7-2025-03-31-03-33-26-64345b74-5ae7-3d8c-bb45-dceb7b8b192c.parquet
cab_569440,2025-03-31 03:35:14,2025-03-31 03:35:24,10.0,taxi_streaming_raw_data-7-2025-03-31-03-33-26-64345b74-5ae7-3d8c-bb45-dceb7b8b192c.parquet
cab_161293,2025-03-31 03:35:15,2025-03-31 03:35:24,9.0,taxi_streaming_raw_data-7-2025-03-31-03-33-26-64345b74-5ae7-3d8c-bb45-dceb7b8b192c.parquet
cab_121341,2025-03-31 03:35:17,2025-03-31 03:35:24,7.0,taxi_streaming_raw_data-7-2025-03-31-03-33-26-64345b74-5ae7-3d8c-bb45-dceb7b8b192c.parquet
cab_885627,2025-03-31 03:35:18,2025-03-31 03:35:24,6.0,taxi_streaming_raw_data-7-2025-03-31-03-33-26-64345b74-5ae7-3d8c-bb45-dceb7b8b192c.parquet
cab_895077,2025-03-31 03:35:19,2025-03-31 03:35:24,5.0,taxi_streaming_raw_data-7-2025-03-31-03-33-26-64345b74-5ae7-3d8c-bb45-dceb7b8b192c.parquet
cab_607245,2025-03-31 03:35:20,2025-03-31 03:35:24,4.0,taxi_streaming_raw_data-7-2025-03-31-03-33-26-64345b74-5ae7-3d8c-bb45-dceb7b8b192c.parquet
cab_986631,2025-03-31 03:35:21,2025-03-31 03:35:24,3.0,taxi_streaming_raw_data-7-2025-03-31-03-33-26-64345b74-5ae7-3d8c-bb45-dceb7b8b192c.parquet
cab_997264,2025-03-31 03:35:23,2025-03-31 03:35:24,1.0,taxi_streaming_raw_data-7-2025-03-31-03-33-26-64345b74-5ae7-3d8c-bb45-dceb7b8b192c.parquet
cab_136792,2025-03-31 03:35:24,2025-03-31 03:35:40,16.0,taxi_streaming_raw_data-7-2025-03-31-03-33-26-64345b74-5ae7-3d8c-bb45-dceb7b8b192c.parquet
cab_617888,2025-03-31 03:35:25,2025-03-31 03:35:40,15.0,taxi_streaming_raw_data-7-2025-03-31-03-33-26-64345b74-5ae7-3d8c-bb45-dceb7b8b192c.parquet
cab_803243,2025-03-31 03:35:26,2025-03-31 03:35:40,14.0,taxi_streaming_raw_data-7-2025-03-31-03-33-26-64345b74-5ae7-3d8c-bb45-dceb7b8b192c.parquet
cab_991225,2025-03-31 03:35:28,2025-03-31 03:35:40,12.0,taxi_streaming_raw_data-7-2025-03-31-03-33-26-64345b74-5ae7-3d8c-bb45-dceb7b8b192c.parquet
cab_796323,2025-03-31 03:35:29,2025-03-31 03:35:40,11.0,taxi_streaming_raw_data-7-2025-03-31-03-33-26-64345b74-5ae7-3d8c-bb45-dceb7b8b192c.parquet
cab_314707,2025-03-31 03:35:30,2025-03-31 03:35:40,10.0,taxi_streaming_raw_data-7-2025-03-31-03-33-26-64345b74-5ae7-3d8c-bb45-dceb7b8b192c.parquet
cab_355395,2025-03-31 03:35:31,2025-03-31 03:35:40,9.0,taxi_streaming_raw_data-7-2025-03-31-03-33-26-64345b74-5ae7-3d8c-bb45-dceb7b8b192c.parquet
cab_966552,2025-03-31 03:35:32,2025-03-31 03:35:40,8.0,taxi_streaming_raw_data-7-2025-03-31-03-33-26-64345b74-5ae7-3d8c-bb45-dceb7b8b192c.parquet
cab_435483,2025-03-31 03:35:34,2025-03-31 03:35:40,6.0,taxi_streaming_raw_data-7-2025-03-31-03-33-26-64345b74-5ae7-3d8c-bb45-dceb7b8b192c.parquet
cab_760697,2025-03-31 03:35:35,2025-03-31 03:35:40,5.0,taxi_streaming_raw_data-7-2025-03-31-03-33-26-64345b74-5ae7-3d8c-bb45-dceb7b8b192c.parquet
cab_451331,2025-03-31 03:35:36,2025-03-31 03:35:40,4.0,taxi_streaming_raw_data-7-2025-03-31-03-33-26-64345b74-5ae7-3d8c-bb45-dceb7b8b192c.parquet
cab_362692,2025-03-31 03:35:37,2025-03-31 03:35:40,3.0,taxi_streaming_raw_data-7-2025-03-31-03-33-26-64345b74-5ae7-3d8c-bb45-dceb7b8b192c.parquet
cab_459986,2025-03-31 03:35:38,2025-03-31 03:35:55,17.0,taxi_streaming_raw_data-7-2025-03-31-03-33-26-64345b74-5ae7-3d8c-bb45-dceb7b8b192c.parquet
cab_584059,2025-03-31 03:35:40,2025-03-31 03:35:55,15.0,taxi_streaming_raw_data-7-2025-03-31-03-33-26-64345b74-5ae7-3d8c-bb45-dceb7b8b192c.parquet
cab_987511,2025-03-31 03:35:41,2025-03-31 03:35:55,14.0,taxi_streaming_raw_data-7-2025-03-31-03-33-26-64345b74-5ae7-3d8c-bb45-dceb7b8b192c.parquet
cab_675664,2025-03-31 03:35:42,2025-03-31 03:35:55,13.0,taxi_streaming_raw_data-7-2025-03-31-03-33-26-64345b74-5ae7-3d8c-bb45-dceb7b8b192c.parquet
cab_453121,2025-03-31 03:35:43,2025-03-31 03:35:55,12.0,taxi_streaming_raw_data-7-2025-03-31-03-33-26-64345b74-5ae7-3d8c-bb45-dceb7b8b192c.parquet
cab_341677,2025-03-31 03:35:44,2025-03-31 03:35:55,11.0,taxi_streaming_raw_data-7-2025-03-31-03-33-26-64345b74-5ae7-3d8c-bb45-dceb7b8b192c.parquet
cab_869104,2025-03-31 03:35:45,2025-03-31 03:35:55,10.0,taxi_streaming_raw_data-7-2025-03-31-03-33-26-64345b74-5ae7-3d8c-bb45-dceb7b8b192c.parquet
cab_897626,2025-03-31 03:35:47,2025-03-31 03:35:55,8.0,taxi_streaming_raw_data-7-2025-03-31-03-33-26-64345b74-5ae7-3d8c-bb45-dceb7b8b192c.parquet
cab_969883,2025-03-31 03:35:48,2025-03-31 03:35:55,7.0,taxi_streaming_raw_data-7-2025-03-31-03-33-26-64345b74-5ae7-3d8c-bb45-dceb7b8b192c.parquet
cab_928303,2025-03-31 03:35:49,2025-03-31 03:35:55,6.0,taxi_streaming_raw_data-7-2025-03-31-03-33-26-64345b74-5ae7-3d8c-bb45-dceb7b8b192c.parquet
cab_620845,2025-03-31 03:35:50,2025-03-31 03:35:55,5.0,taxi_streaming_raw_data-7-2025-03-31-03-33-26-64345b74-5ae7-3d8c-bb45-dceb7b8b192c.parquet
cab_479053,2025-03-31 03:35:51,2025-03-31 03:35:55,4.0,taxi_streaming_raw_data-7-2025-03-31-03-33-26-64345b74-5ae7-3d8c-bb45-dceb7b8b192c.parquet
cab_791601,2025-03-31 03:35:53,2025-03-31 03:36:09,16.0,taxi_streaming_raw_data-7-2025-03-31-03-33-26-64345b74-5ae7-3d8c-bb45-dceb7b8b192c.parquet
cab_829961,2025-03-31 03:35:54,2025-03-31 03:36:09,15.0,taxi_streaming_raw_data-7-2025-03-31-03-33-26-64345b74-5ae7-3d8c-bb45-dceb7b8b192c.parquet
cab_834087,2025-03-31 03:35:55,2025-03-31 03:36:09,14.0,taxi_streaming_raw_data-7-2025-03-31-03-33-26-64345b74-5ae7-3d8c-bb45-dceb7b8b192c.parquet
cab_555440,2025-03-31 03:35:56,2025-03-31 03:36:09,13.0,taxi_streaming_raw_data-7-2025-03-31-03-33-26-64345b74-5ae7-3d8c-bb45-dceb7b8b192c.parquet
cab_379386,2025-03-31 03:35:57,2025-03-31 03:36:09,12.0,taxi_streaming_raw_data-7-2025-03-31-03-33-26-64345b74-5ae7-3d8c-bb45-dceb7b8b192c.parquet
cab_439962,2025-03-31 03:35:59,2025-03-31 03:36:09,10.0,taxi_streaming_raw_data-7-2025-03-31-03-33-26-64345b74-5ae7-3d8c-bb45-dceb7b8b192c.parquet
cab_666981,2025-03-31 03:36:00,2025-03-31 03:36:09,9.0,taxi_streaming_raw_data-7-2025-03-31-03-33-26-64345b74-5ae7-3d8c-bb45-dceb7b8b192c.parquet
cab_117481,2025-03-31 03:36:01,2025-03-31 03:36:09,8.0,taxi_streaming_raw_data-7-2025-03-31-03-33-26-64345b74-5ae7-3d8c-bb45-dceb7b8b192c.parquet
cab_178150,2025-03-31 03:36:02,2025-03-31 03:36:09,7.0,taxi_streaming_raw_data-7-2025-03-31-03-33-26-64345b74-5ae7-3d8c-bb45-dceb7b8b192c.parquet
cab_110770,2025-03-31 03:36:03,2025-03-31 03:36:09,6.0,taxi_streaming_raw_data-7-2025-03-31-03-33-26-64345b74-5ae7-3d8c-bb45-dceb7b8b192c.parquet
cab_387841,2025-03-31 03:36:05,2025-03-31 03:36:09,4.0,taxi_streaming_raw_data-7-2025-03-31-03-33-26-64345b74-5ae7-3d8c-bb45-dceb7b8b192c.parquet
cab_996896,2025-03-31 03:36:06,2025-03-31 03:36:22,16.0,taxi_streaming_raw_data-7-2025-03-31-03-33-26-64345b74-5ae7-3d8c-bb45-dceb7b8b192c.parquet
cab_391099,2025-03-31 03:36:07,2025-03-31 03:36:22,15.0,taxi_streaming_raw_data-7-2025-03-31-03-33-26-64345b74-5ae7-3d8c-bb45-dceb7b8b192c.parquet
cab_641141,2025-03-31 03:36:08,2025-03-31 03:36:22,14.0,taxi_streaming_raw_data-7-2025-03-31-03-33-26-64345b74-5ae7-3d8c-bb45-dceb7b8b192c.parquet
cab_297917,2025-03-31 03:36:09,2025-03-31 03:36:22,13.0,taxi_streaming_raw_data-7-2025-03-31-03-33-26-64345b74-5ae7-3d8c-bb45-dceb7b8b192c.parquet
cab_309067,2025-03-31 03:36:11,2025-03-31 03:36:22,11.0,taxi_streaming_raw_data-7-2025-03-31-03-33-26-64345b74-5ae7-3d8c-bb45-dceb7b8b192c.parquet
cab_129696,2025-03-31 03:36:12,2025-03-31 03:36:22,10.0,taxi_streaming_raw_data-7-2025-03-31-03-33-26-64345b74-5ae7-3d8c-bb45-dceb7b8b192c.parquet
cab_216300,2025-03-31 03:36:13,2025-03-31 03:36:22,9.0,taxi_streaming_raw_data-7-2025-03-31-03-33-26-64345b74-5ae7-3d8c-bb45-dceb7b8b192c.parquet
cab_445237,2025-03-31 03:36:14,2025-03-31 03:36:22,8.0,taxi_streaming_raw_data-7-2025-03-31-03-33-26-64345b74-5ae7-3d8c-bb45-dceb7b8b192c.parquet
cab_432955,2025-03-31 03:36:15,2025-03-31 03:36:22,7.0,taxi_streaming_raw_data-7-2025-03-31-03-33-26-64345b74-5ae7-3d8c-bb45-dceb7b8b192c.parquet
cab_362883,2025-03-31 03:36:16,2025-03-31 03:36:22,6.0,taxi_streaming_raw_data-7-2025-03-31-03-33-26-64345b74-5ae7-3d8c-bb45-dceb7b8b192c.parquet
cab_262553,2025-03-31 03:36:18,2025-03-31 03:36:22,4.0,taxi_streaming_raw_data-7-2025-03-31-03-33-26-64345b74-5ae7-3d8c-bb45-dceb7b8b192c.parquet
cab_106076,2025-03-31 03:36:19,2025-03-31 03:36:22,3.0,taxi_streaming_raw_data-7-2025-03-31-03-33-26-64345b74-5ae7-3d8c-bb45-dceb7b8b192c.parquet
cab_697819,2025-03-31 03:36:20,2025-03-31 03:36:22,2.0,taxi_streaming_raw_data-7-2025-03-31-03-33-26-64345b74-5ae7-3d8c-bb45-dceb7b8b192c.parquet
cab_822617,2025-03-31 03:36:21,2025-03-31 03:36:37,16.0,taxi_streaming_raw_data-7-2025-03-31-03-33-26-64345b74-5ae7-3d8c-bb45-dceb7b8b192c.parquet
cab_504351,2025-03-31 03:36:22,2025-03-31 03:36:37,15.0,taxi_streaming_raw_data-7-2025-03-31-03-33-26-64345b74-5ae7-3d8c-bb45-dceb7b8b192c.parquet
cab_812168,2025-03-31 03:36:24,2025-03-31 03:36:37,13.0,taxi_streaming_raw_data-7-2025-03-31-03-33-26-64345b74-5ae7-3d8c-bb45-dceb7b8b192c.parquet
cab_241056,2025-03-31 03:36:25,2025-03-31 03:36:37,12.0,taxi_streaming_raw_data-7-2025-03-31-03-33-26-64345b74-5ae7-3d8c-bb45-dceb7b8b192c.parquet
cab_681827,2025-03-31 03:36:26,2025-03-31 03:36:37,11.0,taxi_streaming_raw_data-7-2025-03-31-03-33-26-64345b74-5ae7-3d8c-bb45-dceb7b8b192c.parquet
cab_734968,2025-03-31 03:36:28,2025-03-31 03:36:37,9.0,taxi_streaming_raw_data-7-2025-03-31-03-33-26-64345b74-5ae7-3d8c-bb45-dceb7b8b192c.parquet
cab_159533,2025-03-31 03:36:29,2025-03-31 03:36:37,8.0,taxi_streaming_raw_data-7-2025-03-31-03-33-26-64345b74-5ae7-3d8c-bb45-dceb7b8b192c.parquet
cab_993761,2025-03-31 03:36:30,2025-03-31 03:36:37,7.0,taxi_streaming_raw_data-7-2025-03-31-03-33-26-64345b74-5ae7-3d8c-bb45-dceb7b8b192c.parquet
cab_687181,2025-03-31 03:36:31,2025-03-31 03:36:37,6.0,taxi_streaming_raw_data-7-2025-03-31-03-33-26-64345b74-5ae7-3d8c-bb45-dceb7b8b192c.parquet
cab_330438,2025-03-31 03:36:33,2025-03-31 03:36:37,4.0,taxi_streaming_raw_data-7-2025-03-31-03-33-26-64345b74-5ae7-3d8c-bb45-dceb7b8b192c.parquet
cab_299510,2025-03-31 03:36:34,2025-03-31 03:36:37,3.0,taxi_streaming_raw_data-7-2025-03-31-03-33-26-64345b74-5ae7-3d8c-bb45-dceb7b8b192c.parquet
cab_486053,2025-03-31 03:36:35,2025-03-31 03:36:37,2.0,taxi_streaming_raw_data-7-2025-03-31-03-33-26-64345b74-5ae7-3d8c-bb45-dceb7b8b192c.parquet
cab_385623,2025-03-31 03:36:36,2025-03-31 03:36:52,16.0,taxi_streaming_raw_data-7-2025-03-31-03-33-26-64345b74-5ae7-3d8c-bb45-dceb7b8b192c.parquet
cab_189010,2025-03-31 03:36:37,2025-03-31 03:36:52,15.0,taxi_streaming_raw_data-7-2025-03-31-03-33-26-64345b74-5ae7-3d8c-bb45-dceb7b8b192c.parquet
cab_179219,2025-03-31 03:36:39,2025-03-31 03:36:52,13.0,taxi_streaming_raw_data-7-2025-03-31-03-33-26-64345b74-5ae7-3d8c-bb45-dceb7b8b192c.parquet
cab_180425,2025-03-31 03:36:40,2025-03-31 03:36:52,12.0,taxi_streaming_raw_data-7-2025-03-31-03-33-26-64345b74-5ae7-3d8c-bb45-dceb7b8b192c.parquet
cab_622625,2025-03-31 03:36:41,2025-03-31 03:36:52,11.0,taxi_streaming_raw_data-7-2025-03-31-03-33-26-64345b74-5ae7-3d8c-bb45-dceb7b8b192c.parquet
cab_145853,2025-03-31 03:36:42,2025-03-31 03:36:52,10.0,taxi_streaming_raw_data-7-2025-03-31-03-33-26-64345b74-5ae7-3d8c-bb45-dceb7b8b192c.parquet
cab_873005,2025-03-31 03:36:43,2025-03-31 03:36:52,9.0,taxi_streaming_raw_data-7-2025-03-31-03-33-26-64345b74-5ae7-3d8c-bb45-dceb7b8b192c.parquet
cab_644423,2025-03-31 03:36:45,2025-03-31 03:36:52,7.0,taxi_streaming_raw_data-7-2025-03-31-03-33-26-64345b74-5ae7-3d8c-bb45-dceb7b8b192c.parquet
cab_853646,2025-03-31 03:36:46,2025-03-31 03:36:52,6.0,taxi_streaming_raw_data-7-2025-03-31-03-33-26-64345b74-5ae7-3d8c-bb45-dceb7b8b192c.parquet
cab_227278,2025-03-31 03:36:47,2025-03-31 03:36:52,5.0,taxi_streaming_raw_data-7-2025-03-31-03-33-26-64345b74-5ae7-3d8c-bb45-dceb7b8b192c.parquet
cab_718922,2025-03-31 03:36:48,2025-03-31 03:36:52,4.0,taxi_streaming_raw_data-7-2025-03-31-03-33-26-64345b74-5ae7-3d8c-bb45-dceb7b8b192c.parquet
cab_801238,2025-03-31 03:36:50,2025-03-31 03:36:52,2.0,taxi_streaming_raw_data-7-2025-03-31-03-33-26-64345b74-5ae7-3d8c-bb45-dceb7b8b192c.parquet
cab_182010,2025-03-31 03:36:51,2025-03-31 03:37:07,16.0,taxi_streaming_raw_data-7-2025-03-31-03-33-26-64345b74-5ae7-3d8c-bb45-dceb7b8b192c.parquet
cab_785637,2025-03-31 03:36:52,2025-03-31 03:37:07,15.0,taxi_streaming_raw_data-7-2025-03-31-03-33-26-64345b74-5ae7-3d8c-bb45-dceb7b8b192c.parquet
cab_957054,2025-03-31 03:36:53,2025-03-31 03:37:07,14.0,taxi_streaming_raw_data-7-2025-03-31-03-33-26-64345b74-5ae7-3d8c-bb45-dceb7b8b192c.parquet
cab_517589,2025-03-31 03:36:55,2025-03-31 03:37:07,12.0,taxi_streaming_raw_data-7-2025-03-31-03-33-26-64345b74-5ae7-3d8c-bb45-dceb7b8b192c.parquet
cab_259634,2025-03-31 03:36:56,2025-03-31 03:37:07,11.0,taxi_streaming_raw_data-7-2025-03-31-03-33-26-64345b74-5ae7-3d8c-bb45-dceb7b8b192c.parquet
cab_848218,2025-03-31 03:36:57,2025-03-31 03:37:07,10.0,taxi_streaming_raw_data-7-2025-03-31-03-33-26-64345b74-5ae7-3d8c-bb45-dceb7b8b192c.parquet
cab_375617,2025-03-31 03:36:58,2025-03-31 03:37:07,9.0,taxi_streaming_raw_data-7-2025-03-31-03-33-26-64345b74-5ae7-3d8c-bb45-dceb7b8b192c.parquet
cab_553738,2025-03-31 03:36:59,2025-03-31 03:37:07,8.0,taxi_streaming_raw_data-7-2025-03-31-03-33-26-64345b74-5ae7-3d8c-bb45-dceb7b8b192c.parquet
cab_992372,2025-03-31 03:37:01,2025-03-31 03:37:07,6.0,taxi_streaming_raw_data-7-2025-03-31-03-33-26-64345b74-5ae7-3d8c-bb45-dceb7b8b192c.parquet
cab_961841,2025-03-31 03:37:02,2025-03-31 03:37:07,5.0,taxi_streaming_raw_data-7-2025-03-31-03-33-26-64345b74-5ae7-3d8c-bb45-dceb7b8b192c.parquet
cab_315464,2025-03-31 03:37:03,2025-03-31 03:37:07,4.0,taxi_streaming_raw_data-7-2025-03-31-03-33-26-64345b74-5ae7-3d8c-bb45-dceb7b8b192c.parquet
cab_176706,2025-03-31 03:37:04,2025-03-31 03:37:07,3.0,taxi_streaming_raw_data-7-2025-03-31-03-33-26-64345b74-5ae7-3d8c-bb45-dceb7b8b192c.parquet
cab_785760,2025-03-31 03:37:05,2025-03-31 03:37:22,17.0,taxi_streaming_raw_data-7-2025-03-31-03-33-26-64345b74-5ae7-3d8c-bb45-dceb7b8b192c.parquet
cab_291911,2025-03-31 03:37:07,2025-03-31 03:37:22,15.0,taxi_streaming_raw_data-7-2025-03-31-03-33-26-64345b74-5ae7-3d8c-bb45-dceb7b8b192c.parquet
cab_400527,2025-03-31 03:37:08,2025-03-31 03:37:22,14.0,taxi_streaming_raw_data-7-2025-03-31-03-33-26-64345b74-5ae7-3d8c-bb45-dceb7b8b192c.parquet
cab_874442,2025-03-31 03:37:09,2025-03-31 03:37:22,13.0,taxi_streaming_raw_data-7-2025-03-31-03-33-26-64345b74-5ae7-3d8c-bb45-dceb7b8b192c.parquet
cab_712790,2025-03-31 03:37:10,2025-03-31 03:37:22,12.0,taxi_streaming_raw_data-7-2025-03-31-03-33-26-64345b74-5ae7-3d8c-bb45-dceb7b8b192c.parquet
cab_673361,2025-03-31 03:37:11,2025-03-31 03:37:22,11.0,taxi_streaming_raw_data-7-2025-03-31-03-33-26-64345b74-5ae7-3d8c-bb45-dceb7b8b192c.parquet
cab_302480,2025-03-31 03:37:12,2025-03-31 03:37:22,10.0,taxi_streaming_raw_data-7-2025-03-31-03-33-26-64345b74-5ae7-3d8c-bb45-dceb7b8b192c.parquet
cab_883639,2025-03-31 03:37:14,2025-03-31 03:37:22,8.0,taxi_streaming_raw_data-7-2025-03-31-03-33-26-64345b74-5ae7-3d8c-bb45-dceb7b8b192c.parquet
cab_323208,2025-03-31 03:37:15,2025-03-31 03:37:22,7.0,taxi_streaming_raw_data-7-2025-03-31-03-33-26-64345b74-5ae7-3d8c-bb45-dceb7b8b192c.parquet
cab_377963,2025-03-31 03:37:16,2025-03-31 03:37:22,6.0,taxi_streaming_raw_data-7-2025-03-31-03-33-26-64345b74-5ae7-3d8c-bb45-dceb7b8b192c.parquet
cab_697537,2025-03-31 03:37:17,2025-03-31 03:37:22,5.0,taxi_streaming_raw_data-7-2025-03-31-03-33-26-64345b74-5ae7-3d8c-bb45-dceb7b8b192c.parquet
cab_332750,2025-03-31 03:37:19,2025-03-31 03:37:22,3.0,taxi_streaming_raw_data-7-2025-03-31-03-33-26-64345b74-5ae7-3d8c-bb45-dceb7b8b192c.parquet
cab_641805,2025-03-31 03:37:20,2025-03-31 03:37:22,2.0,taxi_streaming_raw_data-7-2025-03-31-03-33-26-64345b74-5ae7-3d8c-bb45-dceb7b8b192c.parquet
cab_817583,2025-03-31 03:37:21,2025-03-31 03:37:37,16.0,taxi_streaming_raw_data-7-2025-03-31-03-33-26-64345b74-5ae7-3d8c-bb45-dceb7b8b192c.parquet
cab_773352,2025-03-31 03:37:22,2025-03-31 03:37:37,15.0,taxi_streaming_raw_data-7-2025-03-31-03-33-26-64345b74-5ae7-3d8c-bb45-dceb7b8b192c.parquet
cab_885316,2025-03-31 03:37:23,2025-03-31 03:37:37,14.0,taxi_streaming_raw_data-7-2025-03-31-03-33-26-64345b74-5ae7-3d8c-bb45-dceb7b8b192c.parquet
cab_200191,2025-03-31 03:37:25,2025-03-31 03:37:37,12.0,taxi_streaming_raw_data-7-2025-03-31-03-33-26-64345b74-5ae7-3d8c-bb45-dceb7b8b192c.parquet
cab_505026,2025-03-31 03:37:26,2025-03-31 03:37:37,11.0,taxi_streaming_raw_data-7-2025-03-31-03-33-26-64345b74-5ae7-3d8c-bb45-dceb7b8b192c.parquet
cab_406371,2025-03-31 03:37:27,2025-03-31 03:37:37,10.0,taxi_streaming_raw_data-7-2025-03-31-03-33-26-64345b74-5ae7-3d8c-bb45-dceb7b8b192c.parquet
cab_441039,2025-03-31 03:37:28,2025-03-31 03:37:37,9.0,taxi_streaming_raw_data-7-2025-03-31-03-33-26-64345b74-5ae7-3d8c-bb45-dceb7b8b192c.parquet
cab_634569,2025-03-31 03:37:29,2025-03-31 03:37:37,8.0,taxi_streaming_raw_data-7-2025-03-31-03-33-26-64345b74-5ae7-3d8c-bb45-dceb7b8b192c.parquet
cab_689839,2025-03-31 03:37:31,2025-03-31 03:37:37,6.0,taxi_streaming_raw_data-7-2025-03-31-03-33-26-64345b74-5ae7-3d8c-bb45-dceb7b8b192c.parquet
cab_721748,2025-03-31 03:37:32,2025-03-31 03:37:37,5.0,taxi_streaming_raw_data-7-2025-03-31-03-33-26-64345b74-5ae7-3d8c-bb45-dceb7b8b192c.parquet
cab_763892,2025-03-31 03:37:33,2025-03-31 03:37:37,4.0,taxi_streaming_raw_data-7-2025-03-31-03-33-26-64345b74-5ae7-3d8c-bb45-dceb7b8b192c.parquet
cab_386591,2025-03-31 03:37:34,2025-03-31 03:37:37,3.0,taxi_streaming_raw_data-7-2025-03-31-03-33-26-64345b74-5ae7-3d8c-bb45-dceb7b8b192c.parquet
cab_811887,2025-03-31 03:37:35,2025-03-31 03:37:51,16.0,taxi_streaming_raw_data-7-2025-03-31-03-33-26-64345b74-5ae7-3d8c-bb45-dceb7b8b192c.parquet
cab_693500,2025-03-31 03:37:36,2025-03-31 03:37:51,15.0,taxi_streaming_raw_data-7-2025-03-31-03-33-26-64345b74-5ae7-3d8c-bb45-dceb7b8b192c.parquet
cab_406147,2025-03-31 03:37:38,2025-03-31 03:37:51,13.0,taxi_streaming_raw_data-7-2025-03-31-03-33-26-64345b74-5ae7-3d8c-bb45-dceb7b8b192c.parquet
cab_731125,2025-03-31 03:37:39,2025-03-31 03:37:51,12.0,taxi_streaming_raw_data-7-2025-03-31-03-33-26-64345b74-5ae7-3d8c-bb45-dceb7b8b192c.parquet
cab_308290,2025-03-31 03:37:40,2025-03-31 03:37:51,11.0,taxi_streaming_raw_data-7-2025-03-31-03-33-26-64345b74-5ae7-3d8c-bb45-dceb7b8b192c.parquet
cab_697614,2025-03-31 03:37:41,2025-03-31 03:37:51,10.0,taxi_streaming_raw_data-7-2025-03-31-03-33-26-64345b74-5ae7-3d8c-bb45-dceb7b8b192c.parquet
cab_435491,2025-03-31 03:37:42,2025-03-31 03:37:51,9.0,taxi_streaming_raw_data-7-2025-03-31-03-33-26-64345b74-5ae7-3d8c-bb45-dceb7b8b192c.parquet
cab_770438,2025-03-31 03:37:44,2025-03-31 03:37:51,7.0,taxi_streaming_raw_data-7-2025-03-31-03-33-26-64345b74-5ae7-3d8c-bb45-dceb7b8b192c.parquet
cab_720820,2025-03-31 03:37:45,2025-03-31 03:37:51,6.0,taxi_streaming_raw_data-7-2025-03-31-03-33-26-64345b74-5ae7-3d8c-bb45-dceb7b8b192c.parquet
cab_489399,2025-03-31 03:37:46,2025-03-31 03:37:51,5.0,taxi_streaming_raw_data-7-2025-03-31-03-33-26-64345b74-5ae7-3d8c-bb45-dceb7b8b192c.parquet
cab_409048,2025-03-31 03:37:47,2025-03-31 03:37:51,4.0,taxi_streaming_raw_data-7-2025-03-31-03-33-26-64345b74-5ae7-3d8c-bb45-dceb7b8b192c.parquet
cab_242452,2025-03-31 03:37:48,2025-03-31 03:37:51,3.0,taxi_streaming_raw_data-7-2025-03-31-03-33-26-64345b74-5ae7-3d8c-bb45-dceb7b8b192c.parquet
cab_536075,2025-03-31 03:37:50,2025-03-31 03:38:06,16.0,taxi_streaming_raw_data-7-2025-03-31-03-33-26-64345b74-5ae7-3d8c-bb45-dceb7b8b192c.parquet
cab_129309,2025-03-31 03:37:51,2025-03-31 03:38:06,15.0,taxi_streaming_raw_data-7-2025-03-31-03-33-26-64345b74-5ae7-3d8c-bb45-dceb7b8b192c.parquet
cab_628843,2025-03-31 03:37:52,2025-03-31 03:38:06,14.0,taxi_streaming_raw_data-7-2025-03-31-03-33-26-64345b74-5ae7-3d8c-bb45-dceb7b8b192c.parquet
cab_140448,2025-03-31 03:37:53,2025-03-31 03:38:06,13.0,taxi_streaming_raw_data-7-2025-03-31-03-33-26-64345b74-5ae7-3d8c-bb45-dceb7b8b192c.parquet
cab_343016,2025-03-31 03:37:54,2025-03-31 03:38:06,12.0,taxi_streaming_raw_data-7-2025-03-31-03-33-26-64345b74-5ae7-3d8c-bb45-dceb7b8b192c.parquet
cab_446927,2025-03-31 03:37:56,2025-03-31 03:38:06,10.0,taxi_streaming_raw_data-7-2025-03-31-03-33-26-64345b74-5ae7-3d8c-bb45-dceb7b8b192c.parquet
cab_292538,2025-03-31 03:37:57,2025-03-31 03:38:06,9.0,taxi_streaming_raw_data-7-2025-03-31-03-33-26-64345b74-5ae7-3d8c-bb45-dceb7b8b192c.parquet
cab_341328,2025-03-31 03:37:58,2025-03-31 03:38:06,8.0,taxi_streaming_raw_data-7-2025-03-31-03-33-26-64345b74-5ae7-3d8c-bb45-dceb7b8b192c.parquet
cab_126010,2025-03-31 03:37:59,2025-03-31 03:38:06,7.0,taxi_streaming_raw_data-7-2025-03-31-03-33-26-64345b74-5ae7-3d8c-bb45-dceb7b8b192c.parquet
cab_908185,2025-03-31 03:38:01,2025-03-31 03:38:06,5.0,taxi_streaming_raw_data-7-2025-03-31-03-33-26-64345b74-5ae7-3d8c-bb45-dceb7b8b192c.parquet
cab_466380,2025-03-31 03:38:02,2025-03-31 03:38:06,4.0,taxi_streaming_raw_data-7-2025-03-31-03-33-26-64345b74-5ae7-3d8c-bb45-dceb7b8b192c.parquet
cab_396875,2025-03-31 03:38:03,2025-03-31 03:38:06,3.0,taxi_streaming_raw_data-7-2025-03-31-03-33-26-64345b74-5ae7-3d8c-bb45-dceb7b8b192c.parquet
cab_714015,2025-03-31 03:38:04,2025-03-31 03:38:06,2.0,taxi_streaming_raw_data-7-2025-03-31-03-33-26-64345b74-5ae7-3d8c-bb45-dceb7b8b192c.parquet
cab_489225,2025-03-31 03:38:05,2025-03-31 03:38:22,17.0,taxi_streaming_raw_data-7-2025-03-31-03-33-26-64345b74-5ae7-3d8c-bb45-dceb7b8b192c.parquet
cab_978706,2025-03-31 03:38:06,2025-03-31 03:38:22,16.0,taxi_streaming_raw_data-7-2025-03-31-03-33-26-64345b74-5ae7-3d8c-bb45-dceb7b8b192c.parquet
cab_735888,2025-03-31 03:38:08,2025-03-31 03:38:22,14.0,taxi_streaming_raw_data-7-2025-03-31-03-33-26-64345b74-5ae7-3d8c-bb45-dceb7b8b192c.parquet
cab_695262,2025-03-31 03:38:09,2025-03-31 03:38:22,13.0,taxi_streaming_raw_data-7-2025-03-31-03-33-26-64345b74-5ae7-3d8c-bb45-dceb7b8b192c.parquet
cab_232671,2025-03-31 03:38:10,2025-03-31 03:38:22,12.0,taxi_streaming_raw_data-7-2025-03-31-03-33-26-64345b74-5ae7-3d8c-bb45-dceb7b8b192c.parquet
cab_501130,2025-03-31 03:38:11,2025-03-31 03:38:22,11.0,taxi_streaming_raw_data-7-2025-03-31-03-33-26-64345b74-5ae7-3d8c-bb45-dceb7b8b192c.parquet
cab_813490,2025-03-31 03:38:12,2025-03-31 03:38:22,10.0,taxi_streaming_raw_data-7-2025-03-31-03-33-26-64345b74-5ae7-3d8c-bb45-dceb7b8b192c.parquet
cab_558913,2025-03-31 03:38:14,2025-03-31 03:38:22,8.0,taxi_streaming_raw_data-7-2025-03-31-03-33-26-64345b74-5ae7-3d8c-bb45-dceb7b8b192c.parquet
cab_102325,2025-03-31 03:38:15,2025-03-31 03:38:22,7.0,taxi_streaming_raw_data-7-2025-03-31-03-33-26-64345b74-5ae7-3d8c-bb45-dceb7b8b192c.parquet
cab_814670,2025-03-31 03:38:16,2025-03-31 03:38:22,6.0,taxi_streaming_raw_data-7-2025-03-31-03-33-26-64345b74-5ae7-3d8c-bb45-dceb7b8b192c.parquet
cab_466092,2025-03-31 03:38:17,2025-03-31 03:38:22,5.0,taxi_streaming_raw_data-7-2025-03-31-03-33-26-64345b74-5ae7-3d8c-bb45-dceb7b8b192c.parquet
cab_325195,2025-03-31 03:38:18,2025-03-31 03:38:22,4.0,taxi_streaming_raw_data-7-2025-03-31-03-33-26-64345b74-5ae7-3d8c-bb45-dceb7b8b192c.parquet
cab_565915,2025-03-31 03:38:20,2025-03-31 03:38:36,16.0,taxi_streaming_raw_data-7-2025-03-31-03-33-26-64345b74-5ae7-3d8c-bb45-dceb7b8b192c.parquet
cab_278781,2025-03-31 03:38:21,2025-03-31 03:38:36,15.0,taxi_streaming_raw_data-7-2025-03-31-03-33-26-64345b74-5ae7-3d8c-bb45-dceb7b8b192c.parquet
cab_536994,2025-03-31 03:38:22,2025-03-31 03:38:36,14.0,taxi_streaming_raw_data-7-2025-03-31-03-33-26-64345b74-5ae7-3d8c-bb45-dceb7b8b192c.parquet
cab_572130,2025-03-31 03:38:23,2025-03-31 03:38:36,13.0,taxi_streaming_raw_data-7-2025-03-31-03-33-26-64345b74-5ae7-3d8c-bb45-dceb7b8b192c.parquet
cab_364896,2025-03-31 03:38:24,2025-03-31 03:38:36,12.0,taxi_streaming_raw_data-7-2025-03-31-03-33-26-64345b74-5ae7-3d8c-bb45-dceb7b8b192c.parquet
cab_549166,2025-03-31 03:38:26,2025-03-31 03:38:36,10.0,taxi_streaming_raw_data-7-2025-03-31-03-33-26-64345b74-5ae7-3d8c-bb45-dceb7b8b192c.parquet
cab_554211,2025-03-31 03:38:27,2025-03-31 03:38:36,9.0,taxi_streaming_raw_data-7-2025-03-31-03-33-26-64345b74-5ae7-3d8c-bb45-dceb7b8b192c.parquet
cab_649368,2025-03-31 03:38:28,2025-03-31 03:38:36,8.0,taxi_streaming_raw_data-7-2025-03-31-03-33-26-64345b74-5ae7-3d8c-bb45-dceb7b8b192c.parquet
cab_754901,2025-03-31 03:38:30,2025-03-31 03:38:36,6.0,taxi_streaming_raw_data-7-2025-03-31-03-33-26-64345b74-5ae7-3d8c-bb45-dceb7b8b192c.parquet
cab_480144,2025-03-31 03:38:31,2025-03-31 03:38:36,5.0,taxi_streaming_raw_data-7-2025-03-31-03-33-26-64345b74-5ae7-3d8c-bb45-dceb7b8b192c.parquet
cab_234993,2025-03-31 03:38:32,2025-03-31 03:38:36,4.0,taxi_streaming_raw_data-7-2025-03-31-03-33-26-64345b74-5ae7-3d8c-bb45-dceb7b8b192c.parquet
cab_956405,2025-03-31 03:38:33,2025-03-31 03:38:36,3.0,taxi_streaming_raw_data-7-2025-03-31-03-33-26-64345b74-5ae7-3d8c-bb45-dceb7b8b192c.parquet
cab_635970,2025-03-31 03:38:34,2025-03-31 03:38:50,16.0,taxi_streaming_raw_data-7-2025-03-31-03-33-26-64345b74-5ae7-3d8c-bb45-dceb7b8b192c.parquet
cab_182771,2025-03-31 03:38:35,2025-03-31 03:38:50,15.0,taxi_streaming_raw_data-7-2025-03-31-03-33-26-64345b74-5ae7-3d8c-bb45-dceb7b8b192c.parquet
cab_731535,2025-03-31 03:38:37,2025-03-31 03:38:50,13.0,taxi_streaming_raw_data-7-2025-03-31-03-33-26-64345b74-5ae7-3d8c-bb45-dceb7b8b192c.parquet
cab_785509,2025-03-31 03:38:38,2025-03-31 03:38:50,12.0,taxi_streaming_raw_data-7-2025-03-31-03-33-26-64345b74-5ae7-3d8c-bb45-dceb7b8b192c.parquet
cab_746588,2025-03-31 03:38:39,2025-03-31 03:38:50,11.0,taxi_streaming_raw_data-7-2025-03-31-03-33-26-64345b74-5ae7-3d8c-bb45-dceb7b8b192c.parquet
cab_828201,2025-03-31 03:38:40,2025-03-31 03:38:50,10.0,taxi_streaming_raw_data-7-2025-03-31-03-33-26-64345b74-5ae7-3d8c-bb45-dceb7b8b192c.parquet
cab_563046,2025-03-31 03:38:41,2025-03-31 03:38:50,9.0,taxi_streaming_raw_data-7-2025-03-31-03-33-26-64345b74-5ae7-3d8c-bb45-dceb7b8b192c.parquet
cab_540149,2025-03-31 03:38:43,2025-03-31 03:38:50,7.0,taxi_streaming_raw_data-7-2025-03-31-03-33-26-64345b74-5ae7-3d8c-bb45-dceb7b8b192c.parquet
cab_417490,2025-03-31 03:38:44,2025-03-31 03:38:50,6.0,taxi_streaming_raw_data-7-2025-03-31-03-33-26-64345b74-5ae7-3d8c-bb45-dceb7b8b192c.parquet
cab_963631,2025-03-31 03:38:45,2025-03-31 03:38:50,5.0,taxi_streaming_raw_data-7-2025-03-31-03-33-26-64345b74-5ae7-3d8c-bb45-dceb7b8b192c.parquet
cab_284225,2025-03-31 03:38:46,2025-03-31 03:38:50,4.0,taxi_streaming_raw_data-7-2025-03-31-03-33-26-64345b74-5ae7-3d8c-bb45-dceb7b8b192c.parquet
cab_825541,2025-03-31 03:38:48,2025-03-31 03:38:50,2.0,taxi_streaming_raw_data-7-2025-03-31-03-33-26-64345b74-5ae7-3d8c-bb45-dceb7b8b192c.parquet
cab_113468,2025-03-31 03:38:49,2025-03-31 03:39:05,16.0,taxi_streaming_raw_data-7-2025-03-31-03-33-26-64345b74-5ae7-3d8c-bb45-dceb7b8b192c.parquet
cab_249605,2025-03-31 03:38:50,2025-03-31 03:39:05,15.0,taxi_streaming_raw_data-7-2025-03-31-03-33-26-64345b74-5ae7-3d8c-bb45-dceb7b8b192c.parquet
cab_355287,2025-03-31 03:38:51,2025-03-31 03:39:05,14.0,taxi_streaming_raw_data-7-2025-03-31-03-33-26-64345b74-5ae7-3d8c-bb45-dceb7b8b192c.parquet
cab_479018,2025-03-31 03:38:52,2025-03-31 03:39:05,13.0,taxi_streaming_raw_data-7-2025-03-31-03-33-26-64345b74-5ae7-3d8c-bb45-dceb7b8b192c.parquet
cab_480907,2025-03-31 03:38:54,2025-03-31 03:39:05,11.0,taxi_streaming_raw_data-7-2025-03-31-03-33-26-64345b74-5ae7-3d8c-bb45-dceb7b8b192c.parquet
cab_254758,2025-03-31 03:38:55,2025-03-31 03:39:05,10.0,taxi_streaming_raw_data-7-2025-03-31-03-33-26-64345b74-5ae7-3d8c-bb45-dceb7b8b192c.parquet
cab_773318,2025-03-31 03:38:56,2025-03-31 03:39:05,9.0,taxi_streaming_raw_data-7-2025-03-31-03-33-26-64345b74-5ae7-3d8c-bb45-dceb7b8b192c.parquet
cab_540581,2025-03-31 03:38:57,2025-03-31 03:39:05,8.0,taxi_streaming_raw_data-7-2025-03-31-03-33-26-64345b74-5ae7-3d8c-bb45-dceb7b8b192c.parquet
cab_660960,2025-03-31 03:38:58,2025-03-31 03:39:05,7.0,taxi_streaming_raw_data-7-2025-03-31-03-33-26-64345b74-5ae7-3d8c-bb45-dceb7b8b192c.parquet
cab_219808,2025-03-31 03:39:00,2025-03-31 03:39:05,5.0,taxi_streaming_raw_data-7-2025-03-31-03-33-26-64345b74-5ae7-3d8c-bb45-dceb7b8b192c.parquet
cab_902614,2025-03-31 03:39:01,2025-03-31 03:39:05,4.0,taxi_streaming_raw_data-7-2025-03-31-03-33-26-64345b74-5ae7-3d8c-bb45-dceb7b8b192c.parquet
cab_948096,2025-03-31 03:39:02,2025-03-31 03:39:05,3.0,taxi_streaming_raw_data-7-2025-03-31-03-33-26-64345b74-5ae7-3d8c-bb45-dceb7b8b192c.parquet
cab_443481,2025-03-31 03:39:03,2025-03-31 03:39:20,17.0,taxi_streaming_raw_data-7-2025-03-31-03-33-26-64345b74-5ae7-3d8c-bb45-dceb7b8b192c.parquet
cab_768717,2025-03-31 03:39:04,2025-03-31 03:39:20,16.0,taxi_streaming_raw_data-7-2025-03-31-03-33-26-64345b74-5ae7-3d8c-bb45-dceb7b8b192c.parquet
cab_758135,2025-03-31 03:39:06,2025-03-31 03:39:20,14.0,taxi_streaming_raw_data-7-2025-03-31-03-33-26-64345b74-5ae7-3d8c-bb45-dceb7b8b192c.parquet
cab_531408,2025-03-31 03:39:07,2025-03-31 03:39:20,13.0,taxi_streaming_raw_data-7-2025-03-31-03-33-26-64345b74-5ae7-3d8c-bb45-dceb7b8b192c.parquet
cab_393544,2025-03-31 03:39:08,2025-03-31 03:39:20,12.0,taxi_streaming_raw_data-7-2025-03-31-03-33-26-64345b74-5ae7-3d8c-bb45-dceb7b8b192c.parquet
cab_481450,2025-03-31 03:39:09,2025-03-31 03:39:20,11.0,taxi_streaming_raw_data-7-2025-03-31-03-33-26-64345b74-5ae7-3d8c-bb45-dceb7b8b192c.parquet
cab_189841,2025-03-31 03:39:11,2025-03-31 03:39:20,9.0,taxi_streaming_raw_data-7-2025-03-31-03-33-26-64345b74-5ae7-3d8c-bb45-dceb7b8b192c.parquet
cab_524741,2025-03-31 03:39:12,2025-03-31 03:39:20,8.0,taxi_streaming_raw_data-7-2025-03-31-03-33-26-64345b74-5ae7-3d8c-bb45-dceb7b8b192c.parquet
cab_399461,2025-03-31 03:39:13,2025-03-31 03:39:20,7.0,taxi_streaming_raw_data-7-2025-03-31-03-33-26-64345b74-5ae7-3d8c-bb45-dceb7b8b192c.parquet
cab_749341,2025-03-31 03:39:14,2025-03-31 03:39:20,6.0,taxi_streaming_raw_data-7-2025-03-31-03-33-26-64345b74-5ae7-3d8c-bb45-dceb7b8b192c.parquet
cab_348247,2025-03-31 03:39:16,2025-03-31 03:39:20,4.0,taxi_streaming_raw_data-7-2025-03-31-03-33-26-64345b74-5ae7-3d8c-bb45-dceb7b8b192c.parquet
cab_773678,2025-03-31 03:39:17,2025-03-31 03:39:20,3.0,taxi_streaming_raw_data-7-2025-03-31-03-33-26-64345b74-5ae7-3d8c-bb45-dceb7b8b192c.parquet
cab_629379,2025-03-31 03:39:18,2025-03-31 03:39:34,16.0,taxi_streaming_raw_data-7-2025-03-31-03-39-19-2be786cb-ef2c-3886-b1b1-037f7000c1d4.parquet
cab_359650,2025-03-31 03:39:19,2025-03-31 03:39:34,15.0,taxi_streaming_raw_data-7-2025-03-31-03-39-19-2be786cb-ef2c-3886-b1b1-037f7000c1d4.parquet
cab_446516,2025-03-31 03:39:20,2025-03-31 03:39:34,14.0,taxi_streaming_raw_data-7-2025-03-31-03-39-19-2be786cb-ef2c-3886-b1b1-037f7000c1d4.parquet
cab_471422,2025-03-31 03:39:22,2025-03-31 03:39:34,12.0,taxi_streaming_raw_data-7-2025-03-31-03-39-19-2be786cb-ef2c-3886-b1b1-037f7000c1d4.parquet
cab_751829,2025-03-31 03:39:23,2025-03-31 03:39:34,11.0,taxi_streaming_raw_data-7-2025-03-31-03-39-19-2be786cb-ef2c-3886-b1b1-037f7000c1d4.parquet
cab_374872,2025-03-31 03:39:24,2025-03-31 03:39:34,10.0,taxi_streaming_raw_data-7-2025-03-31-03-39-19-2be786cb-ef2c-3886-b1b1-037f7000c1d4.parquet
cab_417287,2025-03-31 03:39:25,2025-03-31 03:39:34,9.0,taxi_streaming_raw_data-7-2025-03-31-03-39-19-2be786cb-ef2c-3886-b1b1-037f7000c1d4.parquet
cab_610490,2025-03-31 03:39:27,2025-03-31 03:39:34,7.0,taxi_streaming_raw_data-7-2025-03-31-03-39-19-2be786cb-ef2c-3886-b1b1-037f7000c1d4.parquet
cab_485565,2025-03-31 03:39:28,2025-03-31 03:39:34,6.0,taxi_streaming_raw_data-7-2025-03-31-03-39-19-2be786cb-ef2c-3886-b1b1-037f7000c1d4.parquet
cab_713654,2025-03-31 03:39:29,2025-03-31 03:39:34,5.0,taxi_streaming_raw_data-7-2025-03-31-03-39-19-2be786cb-ef2c-3886-b1b1-037f7000c1d4.parquet
cab_323279,2025-03-31 03:39:30,2025-03-31 03:39:34,4.0,taxi_streaming_raw_data-7-2025-03-31-03-39-19-2be786cb-ef2c-3886-b1b1-037f7000c1d4.parquet
cab_524563,2025-03-31 03:39:31,2025-03-31 03:39:34,3.0,taxi_streaming_raw_data-7-2025-03-31-03-39-19-2be786cb-ef2c-3886-b1b1-037f7000c1d4.parquet
cab_891174,2025-03-31 03:39:32,2025-03-31 03:39:49,17.0,taxi_streaming_raw_data-7-2025-03-31-03-39-19-2be786cb-ef2c-3886-b1b1-037f7000c1d4.parquet
cab_686101,2025-03-31 03:39:34,2025-03-31 03:39:49,15.0,taxi_streaming_raw_data-7-2025-03-31-03-39-19-2be786cb-ef2c-3886-b1b1-037f7000c1d4.parquet
cab_480875,2025-03-31 03:39:35,2025-03-31 03:39:49,14.0,taxi_streaming_raw_data-7-2025-03-31-03-39-19-2be786cb-ef2c-3886-b1b1-037f7000c1d4.parquet
cab_503117,2025-03-31 03:39:36,2025-03-31 03:39:49,13.0,taxi_streaming_raw_data-7-2025-03-31-03-39-19-2be786cb-ef2c-3886-b1b1-037f7000c1d4.parquet
cab_649056,2025-03-31 03:39:37,2025-03-31 03:39:49,12.0,taxi_streaming_raw_data-7-2025-03-31-03-39-19-2be786cb-ef2c-3886-b1b1-037f7000c1d4.parquet
cab_126496,2025-03-31 03:39:38,2025-03-31 03:39:49,11.0,taxi_streaming_raw_data-7-2025-03-31-03-39-19-2be786cb-ef2c-3886-b1b1-037f7000c1d4.parquet
cab_616518,2025-03-31 03:39:40,2025-03-31 03:39:49,9.0,taxi_streaming_raw_data-7-2025-03-31-03-39-19-2be786cb-ef2c-3886-b1b1-037f7000c1d4.parquet
cab_359679,2025-03-31 03:39:41,2025-03-31 03:39:49,8.0,taxi_streaming_raw_data-7-2025-03-31-03-39-19-2be786cb-ef2c-3886-b1b1-037f7000c1d4.parquet
cab_463539,2025-03-31 03:39:42,2025-03-31 03:39:49,7.0,taxi_streaming_raw_data-7-2025-03-31-03-39-19-2be786cb-ef2c-3886-b1b1-037f7000c1d4.parquet
cab_512311,2025-03-31 03:39:43,2025-03-31 03:39:49,6.0,taxi_streaming_raw_data-7-2025-03-31-03-39-19-2be786cb-ef2c-3886-b1b1-037f7000c1d4.parquet
cab_686387,2025-03-31 03:39:44,2025-03-31 03:39:49,5.0,taxi_streaming_raw_data-7-2025-03-31-03-39-19-2be786cb-ef2c-3886-b1b1-037f7000c1d4.parquet
cab_416529,2025-03-31 03:39:46,2025-03-31 03:39:49,3.0,taxi_streaming_raw_data-7-2025-03-31-03-39-19-2be786cb-ef2c-3886-b1b1-037f7000c1d4.parquet
cab_384292,2025-03-31 03:39:47,2025-03-31 03:40:03,16.0,taxi_streaming_raw_data-7-2025-03-31-03-39-19-2be786cb-ef2c-3886-b1b1-037f7000c1d4.parquet
cab_483092,2025-03-31 03:39:48,2025-03-31 03:40:03,15.0,taxi_streaming_raw_data-7-2025-03-31-03-39-19-2be786cb-ef2c-3886-b1b1-037f7000c1d4.parquet
cab_919179,2025-03-31 03:39:49,2025-03-31 03:40:03,14.0,taxi_streaming_raw_data-7-2025-03-31-03-39-19-2be786cb-ef2c-3886-b1b1-037f7000c1d4.parquet
cab_904733,2025-03-31 03:39:50,2025-03-31 03:40:03,13.0,taxi_streaming_raw_data-7-2025-03-31-03-39-19-2be786cb-ef2c-3886-b1b1-037f7000c1d4.parquet
cab_491206,2025-03-31 03:39:52,2025-03-31 03:40:03,11.0,taxi_streaming_raw_data-7-2025-03-31-03-39-19-2be786cb-ef2c-3886-b1b1-037f7000c1d4.parquet
cab_962432,2025-03-31 03:39:53,2025-03-31 03:40:03,10.0,taxi_streaming_raw_data-7-2025-03-31-03-39-19-2be786cb-ef2c-3886-b1b1-037f7000c1d4.parquet
cab_233330,2025-03-31 03:39:54,2025-03-31 03:40:03,9.0,taxi_streaming_raw_data-7-2025-03-31-03-39-19-2be786cb-ef2c-3886-b1b1-037f7000c1d4.parquet
cab_815174,2025-03-31 03:39:55,2025-03-31 03:40:03,8.0,taxi_streaming_raw_data-7-2025-03-31-03-39-19-2be786cb-ef2c-3886-b1b1-037f7000c1d4.parquet
cab_807975,2025-03-31 03:39:56,2025-03-31 03:40:03,7.0,taxi_streaming_raw_data-7-2025-03-31-03-39-19-2be786cb-ef2c-3886-b1b1-037f7000c1d4.parquet
cab_937730,2025-03-31 03:39:57,2025-03-31 03:40:03,6.0,taxi_streaming_raw_data-7-2025-03-31-03-39-19-2be786cb-ef2c-3886-b1b1-037f7000c1d4.parquet
cab_849542,2025-03-31 03:39:59,2025-03-31 03:40:03,4.0,taxi_streaming_raw_data-7-2025-03-31-03-39-19-2be786cb-ef2c-3886-b1b1-037f7000c1d4.parquet
cab_756798,2025-03-31 03:40:00,2025-03-31 03:40:03,3.0,taxi_streaming_raw_data-7-2025-03-31-03-39-19-2be786cb-ef2c-3886-b1b1-037f7000c1d4.parquet
cab_943233,2025-03-31 03:40:01,2025-03-31 03:40:17,16.0,taxi_streaming_raw_data-7-2025-03-31-03-39-19-2be786cb-ef2c-3886-b1b1-037f7000c1d4.parquet
cab_708292,2025-03-31 03:40:02,2025-03-31 03:40:17,15.0,taxi_streaming_raw_data-7-2025-03-31-03-39-19-2be786cb-ef2c-3886-b1b1-037f7000c1d4.parquet
cab_983945,2025-03-31 03:40:03,2025-03-31 03:40:17,14.0,taxi_streaming_raw_data-7-2025-03-31-03-39-19-2be786cb-ef2c-3886-b1b1-037f7000c1d4.parquet
cab_514516,2025-03-31 03:40:05,2025-03-31 03:40:17,12.0,taxi_streaming_raw_data-7-2025-03-31-03-39-19-2be786cb-ef2c-3886-b1b1-037f7000c1d4.parquet
cab_969530,2025-03-31 03:40:06,2025-03-31 03:40:17,11.0,taxi_streaming_raw_data-7-2025-03-31-03-39-19-2be786cb-ef2c-3886-b1b1-037f7000c1d4.parquet
cab_350164,2025-03-31 03:40:07,2025-03-31 03:40:17,10.0,taxi_streaming_raw_data-7-2025-03-31-03-39-19-2be786cb-ef2c-3886-b1b1-037f7000c1d4.parquet
cab_245333,2025-03-31 03:40:08,2025-03-31 03:40:17,9.0,taxi_streaming_raw_data-7-2025-03-31-03-39-19-2be786cb-ef2c-3886-b1b1-037f7000c1d4.parquet
cab_613973,2025-03-31 03:40:09,2025-03-31 03:40:17,8.0,taxi_streaming_raw_data-7-2025-03-31-03-39-19-2be786cb-ef2c-3886-b1b1-037f7000c1d4.parquet
cab_669117,2025-03-31 03:40:11,2025-03-31 03:40:17,6.0,taxi_streaming_raw_data-7-2025-03-31-03-39-19-2be786cb-ef2c-3886-b1b1-037f7000c1d4.parquet
cab_623531,2025-03-31 03:40:12,2025-03-31 03:40:17,5.0,taxi_streaming_raw_data-7-2025-03-31-03-39-19-2be786cb-ef2c-3886-b1b1-037f7000c1d4.parquet
cab_551095,2025-03-31 03:40:13,2025-03-31 03:40:17,4.0,taxi_streaming_raw_data-7-2025-03-31-03-39-19-2be786cb-ef2c-3886-b1b1-037f7000c1d4.parquet
cab_926186,2025-03-31 03:40:14,2025-03-31 03:40:17,3.0,taxi_streaming_raw_data-7-2025-03-31-03-39-19-2be786cb-ef2c-3886-b1b1-037f7000c1d4.parquet
cab_888017,2025-03-31 03:40:15,2025-03-31 03:40:17,2.0,taxi_streaming_raw_data-7-2025-03-31-03-39-19-2be786cb-ef2c-3886-b1b1-037f7000c1d4.parquet
cab_846458,2025-03-31 03:40:17,2025-03-31 03:40:33,16.0,taxi_streaming_raw_data-7-2025-03-31-03-39-19-2be786cb-ef2c-3886-b1b1-037f7000c1d4.parquet
cab_822804,2025-03-31 03:40:18,2025-03-31 03:40:33,15.0,taxi_streaming_raw_data-7-2025-03-31-03-39-19-2be786cb-ef2c-3886-b1b1-037f7000c1d4.parquet
cab_399999,2025-03-31 03:40:19,2025-03-31 03:40:33,14.0,taxi_streaming_raw_data-7-2025-03-31-03-39-19-2be786cb-ef2c-3886-b1b1-037f7000c1d4.parquet
cab_844907,2025-03-31 03:40:20,2025-03-31 03:40:33,13.0,taxi_streaming_raw_data-7-2025-03-31-03-39-19-2be786cb-ef2c-3886-b1b1-037f7000c1d4.parquet
cab_675123,2025-03-31 03:40:21,2025-03-31 03:40:33,12.0,taxi_streaming_raw_data-7-2025-03-31-03-39-19-2be786cb-ef2c-3886-b1b1-037f7000c1d4.parquet
cab_250900,2025-03-31 03:40:23,2025-03-31 03:40:33,10.0,taxi_streaming_raw_data-7-2025-03-31-03-39-19-2be786cb-ef2c-3886-b1b1-037f7000c1d4.parquet
cab_664912,2025-03-31 03:40:24,2025-03-31 03:40:33,9.0,taxi_streaming_raw_data-7-2025-03-31-03-39-19-2be786cb-ef2c-3886-b1b1-037f7000c1d4.parquet
cab_531599,2025-03-31 03:40:25,2025-03-31 03:40:33,8.0,taxi_streaming_raw_data-7-2025-03-31-03-39-19-2be786cb-ef2c-3886-b1b1-037f7000c1d4.parquet
cab_175704,2025-03-31 03:40:27,2025-03-31 03:40:33,6.0,taxi_streaming_raw_data-7-2025-03-31-03-39-19-2be786cb-ef2c-3886-b1b1-037f7000c1d4.parquet
cab_785913,2025-03-31 03:40:28,2025-03-31 03:40:33,5.0,taxi_streaming_raw_data-7-2025-03-31-03-39-19-2be786cb-ef2c-3886-b1b1-037f7000c1d4.parquet
cab_949082,2025-03-31 03:40:29,2025-03-31 03:40:33,4.0,taxi_streaming_raw_data-7-2025-03-31-03-39-19-2be786cb-ef2c-3886-b1b1-037f7000c1d4.parquet
cab_290844,2025-03-31 03:40:30,2025-03-31 03:40:33,3.0,taxi_streaming_raw_data-7-2025-03-31-03-39-19-2be786cb-ef2c-3886-b1b1-037f7000c1d4.parquet
cab_447142,2025-03-31 03:40:32,2025-03-31 03:40:48,16.0,taxi_streaming_raw_data-7-2025-03-31-03-39-19-2be786cb-ef2c-3886-b1b1-037f7000c1d4.parquet
cab_992479,2025-03-31 03:40:33,2025-03-31 03:40:48,15.0,taxi_streaming_raw_data-7-2025-03-31-03-39-19-2be786cb-ef2c-3886-b1b1-037f7000c1d4.parquet
cab_327150,2025-03-31 03:40:34,2025-03-31 03:40:48,14.0,taxi_streaming_raw_data-7-2025-03-31-03-39-19-2be786cb-ef2c-3886-b1b1-037f7000c1d4.parquet
cab_239222,2025-03-31 03:40:35,2025-03-31 03:40:48,13.0,taxi_streaming_raw_data-7-2025-03-31-03-39-19-2be786cb-ef2c-3886-b1b1-037f7000c1d4.parquet
cab_583621,2025-03-31 03:40:36,2025-03-31 03:40:48,12.0,taxi_streaming_raw_data-7-2025-03-31-03-39-19-2be786cb-ef2c-3886-b1b1-037f7000c1d4.parquet
cab_747479,2025-03-31 03:40:38,2025-03-31 03:40:48,10.0,taxi_streaming_raw_data-7-2025-03-31-03-39-19-2be786cb-ef2c-3886-b1b1-037f7000c1d4.parquet
cab_124256,2025-03-31 03:40:39,2025-03-31 03:40:48,9.0,taxi_streaming_raw_data-7-2025-03-31-03-39-19-2be786cb-ef2c-3886-b1b1-037f7000c1d4.parquet
cab_812665,2025-03-31 03:40:40,2025-03-31 03:40:48,8.0,taxi_streaming_raw_data-7-2025-03-31-03-39-19-2be786cb-ef2c-3886-b1b1-037f7000c1d4.parquet
cab_574589,2025-03-31 03:40:41,2025-03-31 03:40:48,7.0,taxi_streaming_raw_data-7-2025-03-31-03-39-19-2be786cb-ef2c-3886-b1b1-037f7000c1d4.parquet
cab_508327,2025-03-31 03:40:42,2025-03-31 03:40:48,6.0,taxi_streaming_raw_data-7-2025-03-31-03-39-19-2be786cb-ef2c-3886-b1b1-037f7000c1d4.parquet
cab_403047,2025-03-31 03:40:44,2025-03-31 03:40:48,4.0,taxi_streaming_raw_data-7-2025-03-31-03-39-19-2be786cb-ef2c-3886-b1b1-037f7000c1d4.parquet
cab_620141,2025-03-31 03:40:45,2025-03-31 03:40:48,3.0,taxi_streaming_raw_data-7-2025-03-31-03-39-19-2be786cb-ef2c-3886-b1b1-037f7000c1d4.parquet
cab_382986,2025-03-31 03:40:46,2025-03-31 03:40:48,2.0,taxi_streaming_raw_data-7-2025-03-31-03-39-19-2be786cb-ef2c-3886-b1b1-037f7000c1d4.parquet
cab_872827,2025-03-31 03:40:47,2025-03-31 03:41:03,16.0,taxi_streaming_raw_data-7-2025-03-31-03-39-19-2be786cb-ef2c-3886-b1b1-037f7000c1d4.parquet
cab_441761,2025-03-31 03:40:48,2025-03-31 03:41:03,15.0,taxi_streaming_raw_data-7-2025-03-31-03-39-19-2be786cb-ef2c-3886-b1b1-037f7000c1d4.parquet
cab_645541,2025-03-31 03:40:50,2025-03-31 03:41:03,13.0,taxi_streaming_raw_data-7-2025-03-31-03-39-19-2be786cb-ef2c-3886-b1b1-037f7000c1d4.parquet
cab_656054,2025-03-31 03:40:51,2025-03-31 03:41:03,12.0,taxi_streaming_raw_data-7-2025-03-31-03-39-19-2be786cb-ef2c-3886-b1b1-037f7000c1d4.parquet
cab_787725,2025-03-31 03:40:52,2025-03-31 03:41:03,11.0,taxi_streaming_raw_data-7-2025-03-31-03-39-19-2be786cb-ef2c-3886-b1b1-037f7000c1d4.parquet
cab_215079,2025-03-31 03:40:53,2025-03-31 03:41:03,10.0,taxi_streaming_raw_data-7-2025-03-31-03-39-19-2be786cb-ef2c-3886-b1b1-037f7000c1d4.parquet
cab_844073,2025-03-31 03:40:54,2025-03-31 03:41:03,9.0,taxi_streaming_raw_data-7-2025-03-31-03-39-19-2be786cb-ef2c-3886-b1b1-037f7000c1d4.parquet
cab_759291,2025-03-31 03:40:56,2025-03-31 03:41:03,7.0,taxi_streaming_raw_data-7-2025-03-31-03-39-19-2be786cb-ef2c-3886-b1b1-037f7000c1d4.parquet
cab_792612,2025-03-31 03:40:57,2025-03-31 03:41:03,6.0,taxi_streaming_raw_data-7-2025-03-31-03-39-19-2be786cb-ef2c-3886-b1b1-037f7000c1d4.parquet
cab_194223,2025-03-31 03:40:58,2025-03-31 03:41:03,5.0,taxi_streaming_raw_data-7-2025-03-31-03-39-19-2be786cb-ef2c-3886-b1b1-037f7000c1d4.parquet
cab_946800,2025-03-31 03:40:59,2025-03-31 03:41:03,4.0,taxi_streaming_raw_data-7-2025-03-31-03-39-19-2be786cb-ef2c-3886-b1b1-037f7000c1d4.parquet
cab_563354,2025-03-31 03:41:00,2025-03-31 03:41:03,3.0,taxi_streaming_raw_data-7-2025-03-31-03-39-19-2be786cb-ef2c-3886-b1b1-037f7000c1d4.parquet
cab_394139,2025-03-31 03:41:02,2025-03-31 03:41:03,1.0,taxi_streaming_raw_data-7-2025-03-31-03-39-19-2be786cb-ef2c-3886-b1b1-037f7000c1d4.parquet
cab_877988,2025-03-31 03:41:03,2025-03-31 03:41:19,16.0,taxi_streaming_raw_data-7-2025-03-31-03-39-19-2be786cb-ef2c-3886-b1b1-037f7000c1d4.parquet
cab_653286,2025-03-31 03:41:04,2025-03-31 03:41:19,15.0,taxi_streaming_raw_data-7-2025-03-31-03-39-19-2be786cb-ef2c-3886-b1b1-037f7000c1d4.parquet
cab_526461,2025-03-31 03:41:05,2025-03-31 03:41:19,14.0,taxi_streaming_raw_data-7-2025-03-31-03-39-19-2be786cb-ef2c-3886-b1b1-037f7000c1d4.parquet
cab_789907,2025-03-31 03:41:06,2025-03-31 03:41:19,13.0,taxi_streaming_raw_data-7-2025-03-31-03-39-19-2be786cb-ef2c-3886-b1b1-037f7000c1d4.parquet
cab_387899,2025-03-31 03:41:08,2025-03-31 03:41:19,11.0,taxi_streaming_raw_data-7-2025-03-31-03-39-19-2be786cb-ef2c-3886-b1b1-037f7000c1d4.parquet
cab_705205,2025-03-31 03:41:09,2025-03-31 03:41:19,10.0,taxi_streaming_raw_data-7-2025-03-31-03-39-19-2be786cb-ef2c-3886-b1b1-037f7000c1d4.parquet
cab_455382,2025-03-31 03:41:10,2025-03-31 03:41:19,9.0,taxi_streaming_raw_data-7-2025-03-31-03-39-19-2be786cb-ef2c-3886-b1b1-037f7000c1d4.parquet
cab_322486,2025-03-31 03:41:11,2025-03-31 03:41:19,8.0,taxi_streaming_raw_data-7-2025-03-31-03-39-19-2be786cb-ef2c-3886-b1b1-037f7000c1d4.parquet
cab_258849,2025-03-31 03:41:12,2025-03-31 03:41:19,7.0,taxi_streaming_raw_data-7-2025-03-31-03-39-19-2be786cb-ef2c-3886-b1b1-037f7000c1d4.parquet
cab_870166,2025-03-31 03:41:13,2025-03-31 03:41:19,6.0,taxi_streaming_raw_data-7-2025-03-31-03-39-19-2be786cb-ef2c-3886-b1b1-037f7000c1d4.parquet
cab_205208,2025-03-31 03:41:15,2025-03-31 03:41:19,4.0,taxi_streaming_raw_data-7-2025-03-31-03-39-19-2be786cb-ef2c-3886-b1b1-037f7000c1d4.parquet
cab_688868,2025-03-31 03:41:16,2025-03-31 03:41:19,3.0,taxi_streaming_raw_data-7-2025-03-31-03-39-19-2be786cb-ef2c-3886-b1b1-037f7000c1d4.parquet
cab_879907,2025-03-31 03:41:17,2025-03-31 03:41:33,16.0,taxi_streaming_raw_data-7-2025-03-31-03-39-19-2be786cb-ef2c-3886-b1b1-037f7000c1d4.parquet
cab_396478,2025-03-31 03:41:18,2025-03-31 03:41:33,15.0,taxi_streaming_raw_data-7-2025-03-31-03-39-19-2be786cb-ef2c-3886-b1b1-037f7000c1d4.parquet
cab_923465,2025-03-31 03:41:19,2025-03-31 03:41:33,14.0,taxi_streaming_raw_data-7-2025-03-31-03-39-19-2be786cb-ef2c-3886-b1b1-037f7000c1d4.parquet
cab_916006,2025-03-31 03:41:21,2025-03-31 03:41:33,12.0,taxi_streaming_raw_data-7-2025-03-31-03-39-19-2be786cb-ef2c-3886-b1b1-037f7000c1d4.parquet
cab_418400,2025-03-31 03:41:22,2025-03-31 03:41:33,11.0,taxi_streaming_raw_data-7-2025-03-31-03-39-19-2be786cb-ef2c-3886-b1b1-037f7000c1d4.parquet
cab_247634,2025-03-31 03:41:23,2025-03-31 03:41:33,10.0,taxi_streaming_raw_data-7-2025-03-31-03-39-19-2be786cb-ef2c-3886-b1b1-037f7000c1d4.parquet
cab_182833,2025-03-31 03:41:24,2025-03-31 03:41:33,9.0,taxi_streaming_raw_data-7-2025-03-31-03-39-19-2be786cb-ef2c-3886-b1b1-037f7000c1d4.parquet
cab_185622,2025-03-31 03:41:25,2025-03-31 03:41:33,8.0,taxi_streaming_raw_data-7-2025-03-31-03-39-19-2be786cb-ef2c-3886-b1b1-037f7000c1d4.parquet
cab_557514,2025-03-31 03:41:27,2025-03-31 03:41:33,6.0,taxi_streaming_raw_data-7-2025-03-31-03-39-19-2be786cb-ef2c-3886-b1b1-037f7000c1d4.parquet
cab_205867,2025-03-31 03:41:28,2025-03-31 03:41:33,5.0,taxi_streaming_raw_data-7-2025-03-31-03-39-19-2be786cb-ef2c-3886-b1b1-037f7000c1d4.parquet
cab_584353,2025-03-31 03:41:29,2025-03-31 03:41:33,4.0,taxi_streaming_raw_data-7-2025-03-31-03-39-19-2be786cb-ef2c-3886-b1b1-037f7000c1d4.parquet
cab_927642,2025-03-31 03:41:30,2025-03-31 03:41:33,3.0,taxi_streaming_raw_data-7-2025-03-31-03-39-19-2be786cb-ef2c-3886-b1b1-037f7000c1d4.parquet
cab_424044,2025-03-31 03:41:32,2025-03-31 03:41:48,16.0,taxi_streaming_raw_data-7-2025-03-31-03-39-19-2be786cb-ef2c-3886-b1b1-037f7000c1d4.parquet
cab_410889,2025-03-31 03:41:33,2025-03-31 03:41:48,15.0,taxi_streaming_raw_data-7-2025-03-31-03-39-19-2be786cb-ef2c-3886-b1b1-037f7000c1d4.parquet
cab_866424,2025-03-31 03:41:34,2025-03-31 03:41:48,14.0,taxi_streaming_raw_data-7-2025-03-31-03-39-19-2be786cb-ef2c-3886-b1b1-037f7000c1d4.parquet
cab_491778,2025-03-31 03:41:35,2025-03-31 03:41:48,13.0,taxi_streaming_raw_data-7-2025-03-31-03-39-19-2be786cb-ef2c-3886-b1b1-037f7000c1d4.parquet
cab_314612,2025-03-31 03:41:37,2025-03-31 03:41:48,11.0,taxi_streaming_raw_data-7-2025-03-31-03-39-19-2be786cb-ef2c-3886-b1b1-037f7000c1d4.parquet
cab_214837,2025-03-31 03:41:38,2025-03-31 03:41:48,10.0,taxi_streaming_raw_data-7-2025-03-31-03-39-19-2be786cb-ef2c-3886-b1b1-037f7000c1d4.parquet
cab_259849,2025-03-31 03:41:39,2025-03-31 03:41:48,9.0,taxi_streaming_raw_data-7-2025-03-31-03-39-19-2be786cb-ef2c-3886-b1b1-037f7000c1d4.parquet
cab_213152,2025-03-31 03:41:40,2025-03-31 03:41:48,8.0,taxi_streaming_raw_data-7-2025-03-31-03-39-19-2be786cb-ef2c-3886-b1b1-037f7000c1d4.parquet
cab_510038,2025-03-31 03:41:41,2025-03-31 03:41:48,7.0,taxi_streaming_raw_data-7-2025-03-31-03-39-19-2be786cb-ef2c-3886-b1b1-037f7000c1d4.parquet
cab_393316,2025-03-31 03:41:43,2025-03-31 03:41:48,5.0,taxi_streaming_raw_data-7-2025-03-31-03-39-19-2be786cb-ef2c-3886-b1b1-037f7000c1d4.parquet
cab_494904,2025-03-31 03:41:44,2025-03-31 03:41:48,4.0,taxi_streaming_raw_data-7-2025-03-31-03-39-19-2be786cb-ef2c-3886-b1b1-037f7000c1d4.parquet
cab_962068,2025-03-31 03:41:45,2025-03-31 03:41:48,3.0,taxi_streaming_raw_data-7-2025-03-31-03-39-19-2be786cb-ef2c-3886-b1b1-037f7000c1d4.parquet
cab_622058,2025-03-31 03:41:46,2025-03-31 03:42:02,16.0,taxi_streaming_raw_data-7-2025-03-31-03-39-19-2be786cb-ef2c-3886-b1b1-037f7000c1d4.parquet
cab_990036,2025-03-31 03:41:48,2025-03-31 03:42:02,14.0,taxi_streaming_raw_data-7-2025-03-31-03-39-19-2be786cb-ef2c-3886-b1b1-037f7000c1d4.parquet
cab_399419,2025-03-31 03:41:49,2025-03-31 03:42:02,13.0,taxi_streaming_raw_data-7-2025-03-31-03-39-19-2be786cb-ef2c-3886-b1b1-037f7000c1d4.parquet
cab_647340,2025-03-31 03:41:50,2025-03-31 03:42:02,12.0,taxi_streaming_raw_data-7-2025-03-31-03-39-19-2be786cb-ef2c-3886-b1b1-037f7000c1d4.parquet
cab_459241,2025-03-31 03:41:51,2025-03-31 03:42:02,11.0,taxi_streaming_raw_data-7-2025-03-31-03-39-19-2be786cb-ef2c-3886-b1b1-037f7000c1d4.parquet
cab_240097,2025-03-31 03:41:52,2025-03-31 03:42:02,10.0,taxi_streaming_raw_data-7-2025-03-31-03-39-19-2be786cb-ef2c-3886-b1b1-037f7000c1d4.parquet
cab_740261,2025-03-31 03:41:54,2025-03-31 03:42:02,8.0,taxi_streaming_raw_data-7-2025-03-31-03-39-19-2be786cb-ef2c-3886-b1b1-037f7000c1d4.parquet
cab_768994,2025-03-31 03:41:55,2025-03-31 03:42:02,7.0,taxi_streaming_raw_data-7-2025-03-31-03-39-19-2be786cb-ef2c-3886-b1b1-037f7000c1d4.parquet
cab_630953,2025-03-31 03:41:56,2025-03-31 03:42:02,6.0,taxi_streaming_raw_data-7-2025-03-31-03-39-19-2be786cb-ef2c-3886-b1b1-037f7000c1d4.parquet
cab_310869,2025-03-31 03:41:57,2025-03-31 03:42:02,5.0,taxi_streaming_raw_data-7-2025-03-31-03-39-19-2be786cb-ef2c-3886-b1b1-037f7000c1d4.parquet
cab_660147,2025-03-31 03:41:59,2025-03-31 03:42:02,3.0,taxi_streaming_raw_data-7-2025-03-31-03-39-19-2be786cb-ef2c-3886-b1b1-037f7000c1d4.parquet
cab_560206,2025-03-31 03:42:00,2025-03-31 03:42:16,16.0,taxi_streaming_raw_data-7-2025-03-31-03-39-19-2be786cb-ef2c-3886-b1b1-037f7000c1d4.parquet
cab_564227,2025-03-31 03:42:01,2025-03-31 03:42:16,15.0,taxi_streaming_raw_data-7-2025-03-31-03-39-19-2be786cb-ef2c-3886-b1b1-037f7000c1d4.parquet
cab_193041,2025-03-31 03:42:02,2025-03-31 03:42:16,14.0,taxi_streaming_raw_data-7-2025-03-31-03-39-19-2be786cb-ef2c-3886-b1b1-037f7000c1d4.parquet
cab_425829,2025-03-31 03:42:03,2025-03-31 03:42:16,13.0,taxi_streaming_raw_data-7-2025-03-31-03-39-19-2be786cb-ef2c-3886-b1b1-037f7000c1d4.parquet
cab_167317,2025-03-31 03:42:05,2025-03-31 03:42:16,11.0,taxi_streaming_raw_data-7-2025-03-31-03-39-19-2be786cb-ef2c-3886-b1b1-037f7000c1d4.parquet
cab_127546,2025-03-31 03:42:06,2025-03-31 03:42:16,10.0,taxi_streaming_raw_data-7-2025-03-31-03-39-19-2be786cb-ef2c-3886-b1b1-037f7000c1d4.parquet
cab_810867,2025-03-31 03:42:07,2025-03-31 03:42:16,9.0,taxi_streaming_raw_data-7-2025-03-31-03-39-19-2be786cb-ef2c-3886-b1b1-037f7000c1d4.parquet
cab_725189,2025-03-31 03:42:08,2025-03-31 03:42:16,8.0,taxi_streaming_raw_data-7-2025-03-31-03-39-19-2be786cb-ef2c-3886-b1b1-037f7000c1d4.parquet
cab_938179,2025-03-31 03:42:09,2025-03-31 03:42:16,7.0,taxi_streaming_raw_data-7-2025-03-31-03-39-19-2be786cb-ef2c-3886-b1b1-037f7000c1d4.parquet
cab_126082,2025-03-31 03:42:10,2025-03-31 03:42:16,6.0,taxi_streaming_raw_data-7-2025-03-31-03-39-19-2be786cb-ef2c-3886-b1b1-037f7000c1d4.parquet
cab_128039,2025-03-31 03:42:12,2025-03-31 03:42:16,4.0,taxi_streaming_raw_data-7-2025-03-31-03-39-19-2be786cb-ef2c-3886-b1b1-037f7000c1d4.parquet
cab_231076,2025-03-31 03:42:13,2025-03-31 03:42:16,3.0,taxi_streaming_raw_data-7-2025-03-31-03-39-19-2be786cb-ef2c-3886-b1b1-037f7000c1d4.parquet
cab_348489,2025-03-31 03:42:14,2025-03-31 03:42:30,16.0,taxi_streaming_raw_data-7-2025-03-31-03-39-19-2be786cb-ef2c-3886-b1b1-037f7000c1d4.parquet
cab_661790,2025-03-31 03:42:15,2025-03-31 03:42:30,15.0,taxi_streaming_raw_data-7-2025-03-31-03-39-19-2be786cb-ef2c-3886-b1b1-037f7000c1d4.parquet
cab_398120,2025-03-31 03:42:16,2025-03-31 03:42:30,14.0,taxi_streaming_raw_data-7-2025-03-31-03-39-19-2be786cb-ef2c-3886-b1b1-037f7000c1d4.parquet
cab_570789,2025-03-31 03:42:18,2025-03-31 03:42:30,12.0,taxi_streaming_raw_data-7-2025-03-31-03-39-19-2be786cb-ef2c-3886-b1b1-037f7000c1d4.parquet
cab_489005,2025-03-31 03:42:19,2025-03-31 03:42:30,11.0,taxi_streaming_raw_data-7-2025-03-31-03-39-19-2be786cb-ef2c-3886-b1b1-037f7000c1d4.parquet
cab_183190,2025-03-31 03:42:20,2025-03-31 03:42:30,10.0,taxi_streaming_raw_data-7-2025-03-31-03-39-19-2be786cb-ef2c-3886-b1b1-037f7000c1d4.parquet
cab_455762,2025-03-31 03:42:21,2025-03-31 03:42:30,9.0,taxi_streaming_raw_data-7-2025-03-31-03-39-19-2be786cb-ef2c-3886-b1b1-037f7000c1d4.parquet
cab_260240,2025-03-31 03:42:22,2025-03-31 03:42:30,8.0,taxi_streaming_raw_data-7-2025-03-31-03-39-19-2be786cb-ef2c-3886-b1b1-037f7000c1d4.parquet
cab_584278,2025-03-31 03:42:24,2025-03-31 03:42:30,6.0,taxi_streaming_raw_data-7-2025-03-31-03-39-19-2be786cb-ef2c-3886-b1b1-037f7000c1d4.parquet
cab_938801,2025-03-31 03:42:25,2025-03-31 03:42:30,5.0,taxi_streaming_raw_data-7-2025-03-31-03-39-19-2be786cb-ef2c-3886-b1b1-037f7000c1d4.parquet
cab_774840,2025-03-31 03:42:26,2025-03-31 03:42:30,4.0,taxi_streaming_raw_data-7-2025-03-31-03-39-19-2be786cb-ef2c-3886-b1b1-037f7000c1d4.parquet
cab_146065,2025-03-31 03:42:28,2025-03-31 03:42:30,2.0,taxi_streaming_raw_data-7-2025-03-31-03-39-19-2be786cb-ef2c-3886-b1b1-037f7000c1d4.parquet
cab_815924,2025-03-31 03:42:29,2025-03-31 03:42:45,16.0,taxi_streaming_raw_data-7-2025-03-31-03-39-19-2be786cb-ef2c-3886-b1b1-037f7000c1d4.parquet
cab_455732,2025-03-31 03:42:30,2025-03-31 03:42:45,15.0,taxi_streaming_raw_data-7-2025-03-31-03-39-19-2be786cb-ef2c-3886-b1b1-037f7000c1d4.parquet
cab_299845,2025-03-31 03:42:31,2025-03-31 03:42:45,14.0,taxi_streaming_raw_data-7-2025-03-31-03-39-19-2be786cb-ef2c-3886-b1b1-037f7000c1d4.parquet
cab_896598,2025-03-31 03:42:32,2025-03-31 03:42:45,13.0,taxi_streaming_raw_data-7-2025-03-31-03-39-19-2be786cb-ef2c-3886-b1b1-037f7000c1d4.parquet
cab_907352,2025-03-31 03:42:34,2025-03-31 03:42:45,11.0,taxi_streaming_raw_data-7-2025-03-31-03-39-19-2be786cb-ef2c-3886-b1b1-037f7000c1d4.parquet
cab_370530,2025-03-31 03:42:35,2025-03-31 03:42:45,10.0,taxi_streaming_raw_data-7-2025-03-31-03-39-19-2be786cb-ef2c-3886-b1b1-037f7000c1d4.parquet
cab_616097,2025-03-31 03:42:36,2025-03-31 03:42:45,9.0,taxi_streaming_raw_data-7-2025-03-31-03-39-19-2be786cb-ef2c-3886-b1b1-037f7000c1d4.parquet
cab_300424,2025-03-31 03:42:37,2025-03-31 03:42:45,8.0,taxi_streaming_raw_data-7-2025-03-31-03-39-19-2be786cb-ef2c-3886-b1b1-037f7000c1d4.parquet
cab_283689,2025-03-31 03:42:38,2025-03-31 03:42:45,7.0,taxi_streaming_raw_data-7-2025-03-31-03-39-19-2be786cb-ef2c-3886-b1b1-037f7000c1d4.parquet
cab_450923,2025-03-31 03:42:40,2025-03-31 03:42:45,5.0,taxi_streaming_raw_data-7-2025-03-31-03-39-19-2be786cb-ef2c-3886-b1b1-037f7000c1d4.parquet
cab_253200,2025-03-31 03:42:41,2025-03-31 03:42:45,4.0,taxi_streaming_raw_data-7-2025-03-31-03-39-19-2be786cb-ef2c-3886-b1b1-037f7000c1d4.parquet
cab_473873,2025-03-31 03:42:42,2025-03-31 03:42:45,3.0,taxi_streaming_raw_data-7-2025-03-31-03-39-19-2be786cb-ef2c-3886-b1b1-037f7000c1d4.parquet
cab_509972,2025-03-31 03:42:43,2025-03-31 03:42:59,16.0,taxi_streaming_raw_data-7-2025-03-31-03-39-19-2be786cb-ef2c-3886-b1b1-037f7000c1d4.parquet
cab_357504,2025-03-31 03:42:44,2025-03-31 03:42:59,15.0,taxi_streaming_raw_data-7-2025-03-31-03-39-19-2be786cb-ef2c-3886-b1b1-037f7000c1d4.parquet
cab_434131,2025-03-31 03:42:45,2025-03-31 03:42:59,14.0,taxi_streaming_raw_data-7-2025-03-31-03-39-19-2be786cb-ef2c-3886-b1b1-037f7000c1d4.parquet
cab_182094,2025-03-31 03:42:47,2025-03-31 03:42:59,12.0,taxi_streaming_raw_data-7-2025-03-31-03-39-19-2be786cb-ef2c-3886-b1b1-037f7000c1d4.parquet
cab_423605,2025-03-31 03:42:48,2025-03-31 03:42:59,11.0,taxi_streaming_raw_data-7-2025-03-31-03-39-19-2be786cb-ef2c-3886-b1b1-037f7000c1d4.parquet
cab_553289,2025-03-31 03:42:49,2025-03-31 03:42:59,10.0,taxi_streaming_raw_data-7-2025-03-31-03-39-19-2be786cb-ef2c-3886-b1b1-037f7000c1d4.parquet
cab_430452,2025-03-31 03:42:50,2025-03-31 03:42:59,9.0,taxi_streaming_raw_data-7-2025-03-31-03-39-19-2be786cb-ef2c-3886-b1b1-037f7000c1d4.parquet
cab_231084,2025-03-31 03:42:51,2025-03-31 03:42:59,8.0,taxi_streaming_raw_data-7-2025-03-31-03-39-19-2be786cb-ef2c-3886-b1b1-037f7000c1d4.parquet
cab_850886,2025-03-31 03:42:53,2025-03-31 03:42:59,6.0,taxi_streaming_raw_data-7-2025-03-31-03-39-19-2be786cb-ef2c-3886-b1b1-037f7000c1d4.parquet
cab_561817,2025-03-31 03:42:54,2025-03-31 03:42:59,5.0,taxi_streaming_raw_data-7-2025-03-31-03-39-19-2be786cb-ef2c-3886-b1b1-037f7000c1d4.parquet
cab_473742,2025-03-31 03:42:55,2025-03-31 03:42:59,4.0,taxi_streaming_raw_data-7-2025-03-31-03-39-19-2be786cb-ef2c-3886-b1b1-037f7000c1d4.parquet
cab_972677,2025-03-31 03:42:56,2025-03-31 03:42:59,3.0,taxi_streaming_raw_data-7-2025-03-31-03-39-19-2be786cb-ef2c-3886-b1b1-037f7000c1d4.parquet
cab_900588,2025-03-31 03:42:58,2025-03-31 03:42:59,1.0,taxi_streaming_raw_data-7-2025-03-31-03-39-19-2be786cb-ef2c-3886-b1b1-037f7000c1d4.parquet
cab_235670,2025-03-31 03:42:59,2025-03-31 03:43:15,16.0,taxi_streaming_raw_data-7-2025-03-31-03-39-19-2be786cb-ef2c-3886-b1b1-037f7000c1d4.parquet
cab_633369,2025-03-31 03:43:00,2025-03-31 03:43:15,15.0,taxi_streaming_raw_data-7-2025-03-31-03-39-19-2be786cb-ef2c-3886-b1b1-037f7000c1d4.parquet
cab_210353,2025-03-31 03:43:01,2025-03-31 03:43:15,14.0,taxi_streaming_raw_data-7-2025-03-31-03-39-19-2be786cb-ef2c-3886-b1b1-037f7000c1d4.parquet
cab_662766,2025-03-31 03:43:02,2025-03-31 03:43:15,13.0,taxi_streaming_raw_data-7-2025-03-31-03-39-19-2be786cb-ef2c-3886-b1b1-037f7000c1d4.parquet
cab_146851,2025-03-31 03:43:04,2025-03-31 03:43:15,11.0,taxi_streaming_raw_data-7-2025-03-31-03-39-19-2be786cb-ef2c-3886-b1b1-037f7000c1d4.parquet
cab_985727,2025-03-31 03:43:05,2025-03-31 03:43:15,10.0,taxi_streaming_raw_data-7-2025-03-31-03-39-19-2be786cb-ef2c-3886-b1b1-037f7000c1d4.parquet
cab_566616,2025-03-31 03:43:06,2025-03-31 03:43:15,9.0,taxi_streaming_raw_data-7-2025-03-31-03-39-19-2be786cb-ef2c-3886-b1b1-037f7000c1d4.parquet
cab_281084,2025-03-31 03:43:07,2025-03-31 03:43:15,8.0,taxi_streaming_raw_data-7-2025-03-31-03-39-19-2be786cb-ef2c-3886-b1b1-037f7000c1d4.parquet
cab_720557,2025-03-31 03:43:08,2025-03-31 03:43:15,7.0,taxi_streaming_raw_data-7-2025-03-31-03-39-19-2be786cb-ef2c-3886-b1b1-037f7000c1d4.parquet
cab_622722,2025-03-31 03:43:10,2025-03-31 03:43:15,5.0,taxi_streaming_raw_data-7-2025-03-31-03-39-19-2be786cb-ef2c-3886-b1b1-037f7000c1d4.parquet
cab_880442,2025-03-31 03:43:11,2025-03-31 03:43:15,4.0,taxi_streaming_raw_data-7-2025-03-31-03-39-19-2be786cb-ef2c-3886-b1b1-037f7000c1d4.parquet
cab_343675,2025-03-31 03:43:12,2025-03-31 03:43:15,3.0,taxi_streaming_raw_data-7-2025-03-31-03-39-19-2be786cb-ef2c-3886-b1b1-037f7000c1d4.parquet
cab_255435,2025-03-31 03:43:13,2025-03-31 03:43:29,16.0,taxi_streaming_raw_data-7-2025-03-31-03-39-19-2be786cb-ef2c-3886-b1b1-037f7000c1d4.parquet
cab_886119,2025-03-31 03:43:14,2025-03-31 03:43:29,15.0,taxi_streaming_raw_data-7-2025-03-31-03-39-19-2be786cb-ef2c-3886-b1b1-037f7000c1d4.parquet
cab_535826,2025-03-31 03:43:16,2025-03-31 03:43:29,13.0,taxi_streaming_raw_data-7-2025-03-31-03-39-19-2be786cb-ef2c-3886-b1b1-037f7000c1d4.parquet
cab_930790,2025-03-31 03:43:17,2025-03-31 03:43:29,12.0,taxi_streaming_raw_data-7-2025-03-31-03-39-19-2be786cb-ef2c-3886-b1b1-037f7000c1d4.parquet
cab_347270,2025-03-31 03:43:18,2025-03-31 03:43:29,11.0,taxi_streaming_raw_data-7-2025-03-31-03-39-19-2be786cb-ef2c-3886-b1b1-037f7000c1d4.parquet
cab_562844,2025-03-31 03:43:19,2025-03-31 03:43:29,10.0,taxi_streaming_raw_data-7-2025-03-31-03-39-19-2be786cb-ef2c-3886-b1b1-037f7000c1d4.parquet
cab_713366,2025-03-31 03:43:20,2025-03-31 03:43:29,9.0,taxi_streaming_raw_data-7-2025-03-31-03-39-19-2be786cb-ef2c-3886-b1b1-037f7000c1d4.parquet
cab_471849,2025-03-31 03:43:22,2025-03-31 03:43:29,7.0,taxi_streaming_raw_data-7-2025-03-31-03-39-19-2be786cb-ef2c-3886-b1b1-037f7000c1d4.parquet
cab_327069,2025-03-31 03:43:23,2025-03-31 03:43:29,6.0,taxi_streaming_raw_data-7-2025-03-31-03-39-19-2be786cb-ef2c-3886-b1b1-037f7000c1d4.parquet
cab_947083,2025-03-31 03:43:24,2025-03-31 03:43:29,5.0,taxi_streaming_raw_data-7-2025-03-31-03-39-19-2be786cb-ef2c-3886-b1b1-037f7000c1d4.parquet
cab_312693,2025-03-31 03:43:25,2025-03-31 03:43:29,4.0,taxi_streaming_raw_data-7-2025-03-31-03-39-19-2be786cb-ef2c-3886-b1b1-037f7000c1d4.parquet
cab_801741,2025-03-31 03:43:26,2025-03-31 03:43:29,3.0,taxi_streaming_raw_data-7-2025-03-31-03-39-19-2be786cb-ef2c-3886-b1b1-037f7000c1d4.parquet
cab_228540,2025-03-31 03:43:28,2025-03-31 03:43:44,16.0,taxi_streaming_raw_data-7-2025-03-31-03-39-19-2be786cb-ef2c-3886-b1b1-037f7000c1d4.parquet
cab_720535,2025-03-31 03:43:29,2025-03-31 03:43:44,15.0,taxi_streaming_raw_data-7-2025-03-31-03-39-19-2be786cb-ef2c-3886-b1b1-037f7000c1d4.parquet
cab_223430,2025-03-31 03:43:30,2025-03-31 03:43:44,14.0,taxi_streaming_raw_data-7-2025-03-31-03-39-19-2be786cb-ef2c-3886-b1b1-037f7000c1d4.parquet
cab_861982,2025-03-31 03:43:31,2025-03-31 03:43:44,13.0,taxi_streaming_raw_data-7-2025-03-31-03-39-19-2be786cb-ef2c-3886-b1b1-037f7000c1d4.parquet
cab_275019,2025-03-31 03:43:32,2025-03-31 03:43:44,12.0,taxi_streaming_raw_data-7-2025-03-31-03-39-19-2be786cb-ef2c-3886-b1b1-037f7000c1d4.parquet
cab_644833,2025-03-31 03:43:33,2025-03-31 03:43:44,11.0,taxi_streaming_raw_data-7-2025-03-31-03-39-19-2be786cb-ef2c-3886-b1b1-037f7000c1d4.parquet
cab_241079,2025-03-31 03:43:35,2025-03-31 03:43:44,9.0,taxi_streaming_raw_data-7-2025-03-31-03-39-19-2be786cb-ef2c-3886-b1b1-037f7000c1d4.parquet
cab_538182,2025-03-31 03:43:36,2025-03-31 03:43:44,8.0,taxi_streaming_raw_data-7-2025-03-31-03-39-19-2be786cb-ef2c-3886-b1b1-037f7000c1d4.parquet
cab_640936,2025-03-31 03:43:37,2025-03-31 03:43:44,7.0,taxi_streaming_raw_data-7-2025-03-31-03-39-19-2be786cb-ef2c-3886-b1b1-037f7000c1d4.parquet
cab_787442,2025-03-31 03:43:38,2025-03-31 03:43:44,6.0,taxi_streaming_raw_data-7-2025-03-31-03-39-19-2be786cb-ef2c-3886-b1b1-037f7000c1d4.parquet
cab_665067,2025-03-31 03:43:39,2025-03-31 03:43:44,5.0,taxi_streaming_raw_data-7-2025-03-31-03-39-19-2be786cb-ef2c-3886-b1b1-037f7000c1d4.parquet
cab_569579,2025-03-31 03:43:41,2025-03-31 03:43:44,3.0,taxi_streaming_raw_data-7-2025-03-31-03-39-19-2be786cb-ef2c-3886-b1b1-037f7000c1d4.parquet
cab_542993,2025-03-31 03:43:42,2025-03-31 03:43:44,2.0,taxi_streaming_raw_data-7-2025-03-31-03-39-19-2be786cb-ef2c-3886-b1b1-037f7000c1d4.parquet
cab_983538,2025-03-31 03:43:43,2025-03-31 03:43:59,16.0,taxi_streaming_raw_data-7-2025-03-31-03-39-19-2be786cb-ef2c-3886-b1b1-037f7000c1d4.parquet
cab_861453,2025-03-31 03:43:44,2025-03-31 03:43:59,15.0,taxi_streaming_raw_data-7-2025-03-31-03-39-19-2be786cb-ef2c-3886-b1b1-037f7000c1d4.parquet
cab_369860,2025-03-31 03:43:45,2025-03-31 03:43:59,14.0,taxi_streaming_raw_data-7-2025-03-31-03-39-19-2be786cb-ef2c-3886-b1b1-037f7000c1d4.parquet
cab_371818,2025-03-31 03:43:47,2025-03-31 03:43:59,12.0,taxi_streaming_raw_data-7-2025-03-31-03-39-19-2be786cb-ef2c-3886-b1b1-037f7000c1d4.parquet
cab_240477,2025-03-31 03:43:48,2025-03-31 03:43:59,11.0,taxi_streaming_raw_data-7-2025-03-31-03-39-19-2be786cb-ef2c-3886-b1b1-037f7000c1d4.parquet
cab_320985,2025-03-31 03:43:49,2025-03-31 03:43:59,10.0,taxi_streaming_raw_data-7-2025-03-31-03-39-19-2be786cb-ef2c-3886-b1b1-037f7000c1d4.parquet
cab_228558,2025-03-31 03:43:50,2025-03-31 03:43:59,9.0,taxi_streaming_raw_data-7-2025-03-31-03-39-19-2be786cb-ef2c-3886-b1b1-037f7000c1d4.parquet
cab_928939,2025-03-31 03:43:51,2025-03-31 03:43:59,8.0,taxi_streaming_raw_data-7-2025-03-31-03-39-19-2be786cb-ef2c-3886-b1b1-037f7000c1d4.parquet
cab_973312,2025-03-31 03:43:53,2025-03-31 03:43:59,6.0,taxi_streaming_raw_data-7-2025-03-31-03-39-19-2be786cb-ef2c-3886-b1b1-037f7000c1d4.parquet
cab_529537,2025-03-31 03:43:54,2025-03-31 03:43:59,5.0,taxi_streaming_raw_data-7-2025-03-31-03-39-19-2be786cb-ef2c-3886-b1b1-037f7000c1d4.parquet
cab_792650,2025-03-31 03:43:55,2025-03-31 03:43:59,4.0,taxi_streaming_raw_data-7-2025-03-31-03-39-19-2be786cb-ef2c-3886-b1b1-037f7000c1d4.parquet
cab_335519,2025-03-31 03:43:56,2025-03-31 03:43:59,3.0,taxi_streaming_raw_data-7-2025-03-31-03-39-19-2be786cb-ef2c-3886-b1b1-037f7000c1d4.parquet
cab_426610,2025-03-31 03:43:57,2025-03-31 03:43:59,2.0,taxi_streaming_raw_data-7-2025-03-31-03-39-19-2be786cb-ef2c-3886-b1b1-037f7000c1d4.parquet
cab_457460,2025-03-31 03:43:59,2025-03-31 03:44:15,16.0,taxi_streaming_raw_data-7-2025-03-31-03-39-19-2be786cb-ef2c-3886-b1b1-037f7000c1d4.parquet
cab_531275,2025-03-31 03:44:00,2025-03-31 03:44:15,15.0,taxi_streaming_raw_data-7-2025-03-31-03-39-19-2be786cb-ef2c-3886-b1b1-037f7000c1d4.parquet
cab_625234,2025-03-31 03:44:01,2025-03-31 03:44:15,14.0,taxi_streaming_raw_data-7-2025-03-31-03-39-19-2be786cb-ef2c-3886-b1b1-037f7000c1d4.parquet
cab_684313,2025-03-31 03:44:02,2025-03-31 03:44:15,13.0,taxi_streaming_raw_data-7-2025-03-31-03-39-19-2be786cb-ef2c-3886-b1b1-037f7000c1d4.parquet
cab_545319,2025-03-31 03:44:03,2025-03-31 03:44:15,12.0,taxi_streaming_raw_data-7-2025-03-31-03-39-19-2be786cb-ef2c-3886-b1b1-037f7000c1d4.parquet
cab_880076,2025-03-31 03:44:05,2025-03-31 03:44:15,10.0,taxi_streaming_raw_data-7-2025-03-31-03-39-19-2be786cb-ef2c-3886-b1b1-037f7000c1d4.parquet
cab_211977,2025-03-31 03:44:06,2025-03-31 03:44:15,9.0,taxi_streaming_raw_data-7-2025-03-31-03-39-19-2be786cb-ef2c-3886-b1b1-037f7000c1d4.parquet
cab_364655,2025-03-31 03:44:07,2025-03-31 03:44:15,8.0,taxi_streaming_raw_data-7-2025-03-31-03-39-19-2be786cb-ef2c-3886-b1b1-037f7000c1d4.parquet
cab_633408,2025-03-31 03:44:08,2025-03-31 03:44:15,7.0,taxi_streaming_raw_data-7-2025-03-31-03-39-19-2be786cb-ef2c-3886-b1b1-037f7000c1d4.parquet
cab_362190,2025-03-31 03:44:10,2025-03-31 03:44:15,5.0,taxi_streaming_raw_data-7-2025-03-31-03-39-19-2be786cb-ef2c-3886-b1b1-037f7000c1d4.parquet
cab_101425,2025-03-31 03:46:19,2025-03-31 03:46:36,17.0,taxi_streaming_raw_data-7-2025-03-31-03-46-20-4ec40d10-409e-3352-b7d8-0c97d7d9e348.parquet
cab_994952,2025-03-31 03:46:21,2025-03-31 03:46:36,15.0,taxi_streaming_raw_data-7-2025-03-31-03-46-20-4ec40d10-409e-3352-b7d8-0c97d7d9e348.parquet
cab_148192,2025-03-31 03:46:22,2025-03-31 03:46:36,14.0,taxi_streaming_raw_data-7-2025-03-31-03-46-20-4ec40d10-409e-3352-b7d8-0c97d7d9e348.parquet
cab_486689,2025-03-31 03:46:23,2025-03-31 03:46:36,13.0,taxi_streaming_raw_data-7-2025-03-31-03-46-20-4ec40d10-409e-3352-b7d8-0c97d7d9e348.parquet
cab_358450,2025-03-31 03:46:24,2025-03-31 03:46:36,12.0,taxi_streaming_raw_data-7-2025-03-31-03-46-20-4ec40d10-409e-3352-b7d8-0c97d7d9e348.parquet
cab_278367,2025-03-31 03:46:25,2025-03-31 03:46:36,11.0,taxi_streaming_raw_data-7-2025-03-31-03-46-20-4ec40d10-409e-3352-b7d8-0c97d7d9e348.parquet
cab_362292,2025-03-31 03:46:27,2025-03-31 03:46:36,9.0,taxi_streaming_raw_data-7-2025-03-31-03-46-20-4ec40d10-409e-3352-b7d8-0c97d7d9e348.parquet
cab_372139,2025-03-31 03:46:28,2025-03-31 03:46:36,8.0,taxi_streaming_raw_data-7-2025-03-31-03-46-20-4ec40d10-409e-3352-b7d8-0c97d7d9e348.parquet
cab_966492,2025-03-31 03:46:29,2025-03-31 03:46:36,7.0,taxi_streaming_raw_data-7-2025-03-31-03-46-20-4ec40d10-409e-3352-b7d8-0c97d7d9e348.parquet
cab_340262,2025-03-31 03:46:31,2025-03-31 03:46:36,5.0,taxi_streaming_raw_data-7-2025-03-31-03-46-20-4ec40d10-409e-3352-b7d8-0c97d7d9e348.parquet
cab_956759,2025-03-31 03:46:32,2025-03-31 03:46:36,4.0,taxi_streaming_raw_data-7-2025-03-31-03-46-20-4ec40d10-409e-3352-b7d8-0c97d7d9e348.parquet
cab_426297,2025-03-31 03:46:33,2025-03-31 03:46:36,3.0,taxi_streaming_raw_data-7-2025-03-31-03-46-20-4ec40d10-409e-3352-b7d8-0c97d7d9e348.parquet
cab_684810,2025-03-31 03:46:34,2025-03-31 03:46:51,17.0,taxi_streaming_raw_data-7-2025-03-31-03-46-20-4ec40d10-409e-3352-b7d8-0c97d7d9e348.parquet
cab_854659,2025-03-31 03:46:35,2025-03-31 03:46:51,16.0,taxi_streaming_raw_data-7-2025-03-31-03-46-20-4ec40d10-409e-3352-b7d8-0c97d7d9e348.parquet
cab_262252,2025-03-31 03:46:37,2025-03-31 03:46:51,14.0,taxi_streaming_raw_data-7-2025-03-31-03-46-20-4ec40d10-409e-3352-b7d8-0c97d7d9e348.parquet
cab_537432,2025-03-31 03:46:38,2025-03-31 03:46:51,13.0,taxi_streaming_raw_data-7-2025-03-31-03-46-20-4ec40d10-409e-3352-b7d8-0c97d7d9e348.parquet
cab_958681,2025-03-31 03:46:39,2025-03-31 03:46:51,12.0,taxi_streaming_raw_data-7-2025-03-31-03-46-20-4ec40d10-409e-3352-b7d8-0c97d7d9e348.parquet
cab_598733,2025-03-31 03:46:40,2025-03-31 03:46:51,11.0,taxi_streaming_raw_data-7-2025-03-31-03-46-20-4ec40d10-409e-3352-b7d8-0c97d7d9e348.parquet
cab_768265,2025-03-31 03:46:42,2025-03-31 03:46:51,9.0,taxi_streaming_raw_data-7-2025-03-31-03-46-20-4ec40d10-409e-3352-b7d8-0c97d7d9e348.parquet
cab_578610,2025-03-31 03:46:43,2025-03-31 03:46:51,8.0,taxi_streaming_raw_data-7-2025-03-31-03-46-20-4ec40d10-409e-3352-b7d8-0c97d7d9e348.parquet
cab_458979,2025-03-31 03:46:44,2025-03-31 03:46:51,7.0,taxi_streaming_raw_data-7-2025-03-31-03-46-20-4ec40d10-409e-3352-b7d8-0c97d7d9e348.parquet
cab_151684,2025-03-31 03:46:45,2025-03-31 03:46:51,6.0,taxi_streaming_raw_data-7-2025-03-31-03-46-20-4ec40d10-409e-3352-b7d8-0c97d7d9e348.parquet
cab_202788,2025-03-31 03:46:46,2025-03-31 03:46:51,5.0,taxi_streaming_raw_data-7-2025-03-31-03-46-20-4ec40d10-409e-3352-b7d8-0c97d7d9e348.parquet
cab_826718,2025-03-31 03:46:48,2025-03-31 03:46:51,3.0,taxi_streaming_raw_data-7-2025-03-31-03-46-20-4ec40d10-409e-3352-b7d8-0c97d7d9e348.parquet
cab_568225,2025-03-31 03:46:49,2025-03-31 03:47:05,16.0,taxi_streaming_raw_data-7-2025-03-31-03-46-20-4ec40d10-409e-3352-b7d8-0c97d7d9e348.parquet
cab_462376,2025-03-31 03:46:50,2025-03-31 03:47:05,15.0,taxi_streaming_raw_data-7-2025-03-31-03-46-20-4ec40d10-409e-3352-b7d8-0c97d7d9e348.parquet
cab_304097,2025-03-31 03:46:51,2025-03-31 03:47:05,14.0,taxi_streaming_raw_data-7-2025-03-31-03-46-20-4ec40d10-409e-3352-b7d8-0c97d7d9e348.parquet
cab_846651,2025-03-31 03:46:53,2025-03-31 03:47:05,12.0,taxi_streaming_raw_data-7-2025-03-31-03-46-20-4ec40d10-409e-3352-b7d8-0c97d7d9e348.parquet
cab_244276,2025-03-31 03:46:54,2025-03-31 03:47:05,11.0,taxi_streaming_raw_data-7-2025-03-31-03-46-20-4ec40d10-409e-3352-b7d8-0c97d7d9e348.parquet
cab_611083,2025-03-31 03:46:55,2025-03-31 03:47:05,10.0,taxi_streaming_raw_data-7-2025-03-31-03-46-20-4ec40d10-409e-3352-b7d8-0c97d7d9e348.parquet
cab_909711,2025-03-31 03:46:56,2025-03-31 03:47:05,9.0,taxi_streaming_raw_data-7-2025-03-31-03-46-20-4ec40d10-409e-3352-b7d8-0c97d7d9e348.parquet
cab_895989,2025-03-31 03:46:57,2025-03-31 03:47:05,8.0,taxi_streaming_raw_data-7-2025-03-31-03-46-20-4ec40d10-409e-3352-b7d8-0c97d7d9e348.parquet
cab_685599,2025-03-31 03:46:59,2025-03-31 03:47:05,6.0,taxi_streaming_raw_data-7-2025-03-31-03-46-20-4ec40d10-409e-3352-b7d8-0c97d7d9e348.parquet
cab_875698,2025-03-31 03:47:00,2025-03-31 03:47:05,5.0,taxi_streaming_raw_data-7-2025-03-31-03-46-20-4ec40d10-409e-3352-b7d8-0c97d7d9e348.parquet
cab_709870,2025-03-31 03:47:01,2025-03-31 03:47:05,4.0,taxi_streaming_raw_data-7-2025-03-31-03-46-20-4ec40d10-409e-3352-b7d8-0c97d7d9e348.parquet
cab_100364,2025-03-31 03:47:02,2025-03-31 03:47:05,3.0,taxi_streaming_raw_data-7-2025-03-31-03-46-20-4ec40d10-409e-3352-b7d8-0c97d7d9e348.parquet
cab_386140,2025-03-31 03:47:04,2025-03-31 03:47:20,16.0,taxi_streaming_raw_data-7-2025-03-31-03-46-20-4ec40d10-409e-3352-b7d8-0c97d7d9e348.parquet
cab_202173,2025-03-31 03:47:05,2025-03-31 03:47:20,15.0,taxi_streaming_raw_data-7-2025-03-31-03-46-20-4ec40d10-409e-3352-b7d8-0c97d7d9e348.parquet
cab_167016,2025-03-31 03:47:06,2025-03-31 03:47:20,14.0,taxi_streaming_raw_data-7-2025-03-31-03-46-20-4ec40d10-409e-3352-b7d8-0c97d7d9e348.parquet
cab_872971,2025-03-31 03:47:07,2025-03-31 03:47:20,13.0,taxi_streaming_raw_data-7-2025-03-31-03-46-20-4ec40d10-409e-3352-b7d8-0c97d7d9e348.parquet
cab_426125,2025-03-31 03:47:08,2025-03-31 03:47:20,12.0,taxi_streaming_raw_data-7-2025-03-31-03-46-20-4ec40d10-409e-3352-b7d8-0c97d7d9e348.parquet
cab_984552,2025-03-31 03:47:09,2025-03-31 03:47:20,11.0,taxi_streaming_raw_data-7-2025-03-31-03-46-20-4ec40d10-409e-3352-b7d8-0c97d7d9e348.parquet
cab_250391,2025-03-31 03:47:11,2025-03-31 03:47:20,9.0,taxi_streaming_raw_data-7-2025-03-31-03-46-20-4ec40d10-409e-3352-b7d8-0c97d7d9e348.parquet
cab_766883,2025-03-31 03:47:12,2025-03-31 03:47:20,8.0,taxi_streaming_raw_data-7-2025-03-31-03-46-20-4ec40d10-409e-3352-b7d8-0c97d7d9e348.parquet
cab_432108,2025-03-31 03:47:13,2025-03-31 03:47:20,7.0,taxi_streaming_raw_data-7-2025-03-31-03-46-20-4ec40d10-409e-3352-b7d8-0c97d7d9e348.parquet
cab_160683,2025-03-31 03:47:14,2025-03-31 03:47:20,6.0,taxi_streaming_raw_data-7-2025-03-31-03-46-20-4ec40d10-409e-3352-b7d8-0c97d7d9e348.parquet
cab_304987,2025-03-31 03:47:15,2025-03-31 03:47:20,5.0,taxi_streaming_raw_data-7-2025-03-31-03-46-20-4ec40d10-409e-3352-b7d8-0c97d7d9e348.parquet
cab_825978,2025-03-31 03:47:17,2025-03-31 03:47:33,16.0,taxi_streaming_raw_data-7-2025-03-31-03-46-20-4ec40d10-409e-3352-b7d8-0c97d7d9e348.parquet
cab_349693,2025-03-31 03:47:18,2025-03-31 03:47:33,15.0,taxi_streaming_raw_data-7-2025-03-31-03-46-20-4ec40d10-409e-3352-b7d8-0c97d7d9e348.parquet
cab_457796,2025-03-31 03:47:19,2025-03-31 03:47:33,14.0,taxi_streaming_raw_data-7-2025-03-31-03-46-20-4ec40d10-409e-3352-b7d8-0c97d7d9e348.parquet
cab_166434,2025-03-31 03:47:20,2025-03-31 03:47:33,13.0,taxi_streaming_raw_data-7-2025-03-31-03-46-20-4ec40d10-409e-3352-b7d8-0c97d7d9e348.parquet
cab_314003,2025-03-31 03:47:21,2025-03-31 03:47:33,12.0,taxi_streaming_raw_data-7-2025-03-31-03-46-20-4ec40d10-409e-3352-b7d8-0c97d7d9e348.parquet
cab_306253,2025-03-31 03:47:23,2025-03-31 03:47:33,10.0,taxi_streaming_raw_data-7-2025-03-31-03-46-20-4ec40d10-409e-3352-b7d8-0c97d7d9e348.parquet
cab_325976,2025-03-31 03:47:24,2025-03-31 03:47:33,9.0,taxi_streaming_raw_data-7-2025-03-31-03-46-20-4ec40d10-409e-3352-b7d8-0c97d7d9e348.parquet
cab_678279,2025-03-31 03:47:25,2025-03-31 03:47:33,8.0,taxi_streaming_raw_data-7-2025-03-31-03-46-20-4ec40d10-409e-3352-b7d8-0c97d7d9e348.parquet
cab_953316,2025-03-31 03:47:26,2025-03-31 03:47:33,7.0,taxi_streaming_raw_data-7-2025-03-31-03-46-20-4ec40d10-409e-3352-b7d8-0c97d7d9e348.parquet
cab_573949,2025-03-31 03:47:27,2025-03-31 03:47:33,6.0,taxi_streaming_raw_data-7-2025-03-31-03-46-20-4ec40d10-409e-3352-b7d8-0c97d7d9e348.parquet
cab_385085,2025-03-31 03:47:29,2025-03-31 03:47:33,4.0,taxi_streaming_raw_data-7-2025-03-31-03-46-20-4ec40d10-409e-3352-b7d8-0c97d7d9e348.parquet
cab_327880,2025-03-31 03:47:30,2025-03-31 03:47:33,3.0,taxi_streaming_raw_data-7-2025-03-31-03-46-20-4ec40d10-409e-3352-b7d8-0c97d7d9e348.parquet
cab_491539,2025-03-31 03:47:31,2025-03-31 03:47:47,16.0,taxi_streaming_raw_data-7-2025-03-31-03-46-20-4ec40d10-409e-3352-b7d8-0c97d7d9e348.parquet
cab_238134,2025-03-31 03:47:32,2025-03-31 03:47:47,15.0,taxi_streaming_raw_data-7-2025-03-31-03-46-20-4ec40d10-409e-3352-b7d8-0c97d7d9e348.parquet
cab_860651,2025-03-31 03:47:33,2025-03-31 03:47:47,14.0,taxi_streaming_raw_data-7-2025-03-31-03-46-20-4ec40d10-409e-3352-b7d8-0c97d7d9e348.parquet
cab_787297,2025-03-31 03:47:35,2025-03-31 03:47:47,12.0,taxi_streaming_raw_data-7-2025-03-31-03-46-20-4ec40d10-409e-3352-b7d8-0c97d7d9e348.parquet
cab_903928,2025-03-31 03:47:36,2025-03-31 03:47:47,11.0,taxi_streaming_raw_data-7-2025-03-31-03-46-20-4ec40d10-409e-3352-b7d8-0c97d7d9e348.parquet
cab_188070,2025-03-31 03:47:37,2025-03-31 03:47:47,10.0,taxi_streaming_raw_data-7-2025-03-31-03-46-20-4ec40d10-409e-3352-b7d8-0c97d7d9e348.parquet
cab_961373,2025-03-31 03:47:38,2025-03-31 03:47:47,9.0,taxi_streaming_raw_data-7-2025-03-31-03-46-20-4ec40d10-409e-3352-b7d8-0c97d7d9e348.parquet
cab_136214,2025-03-31 03:47:39,2025-03-31 03:47:47,8.0,taxi_streaming_raw_data-7-2025-03-31-03-46-20-4ec40d10-409e-3352-b7d8-0c97d7d9e348.parquet
cab_863789,2025-03-31 03:47:40,2025-03-31 03:47:47,7.0,taxi_streaming_raw_data-7-2025-03-31-03-46-20-4ec40d10-409e-3352-b7d8-0c97d7d9e348.parquet
cab_651272,2025-03-31 03:47:42,2025-03-31 03:47:47,5.0,taxi_streaming_raw_data-7-2025-03-31-03-46-20-4ec40d10-409e-3352-b7d8-0c97d7d9e348.parquet
cab_740183,2025-03-31 03:47:43,2025-03-31 03:47:47,4.0,taxi_streaming_raw_data-7-2025-03-31-03-46-20-4ec40d10-409e-3352-b7d8-0c97d7d9e348.parquet
